timestamp,row,preset,path,action,added,removed,before,after
before tracking,122,cascade-flip-contact,contact/cascade-flip-contact.html,backfilled,,clean,"smooth, polished, refined, interactive, structured, sophisticated, clean, confident, depth, 3d, dimensional, cascading, staggered","smooth, polished, refined, interactive, structured, sophisticated, confident, depth, 3d, dimensional, cascading, staggered"
before tracking,127,pixel-dissolve-contact,contact/pixel-dissolve-contact.html,backfilled,,clean,"techy, structured, organized, interactive, clean, polished, smooth, futuristic, confident, staggered, cascading, revealing, transformative","techy, structured, organized, interactive, polished, smooth, futuristic, confident, staggered, cascading, revealing, transformative"
before tracking,132,serpentine-shutter-contact,contact/serpentine-shutter-contact.html,backfilled,,clean,"clean, polished, smooth, interactive, refined, structured, revealing, staggered, horizontal, minimal, organized, seamless, transformative","polished, smooth, interactive, refined, structured, revealing, staggered, horizontal, minimal, organized, seamless, transformative"
2026-08-27T16:21:06,123,iris-contact-form,contact/iris-contact-form.html,tags,,interactive,"smooth, silky, elegant, interactive, gentle, refined, clean, minimal, graceful, revealing, circular, zoom, organic","smooth, silky, elegant, gentle, refined, clean, minimal, graceful, revealing, circular, zoom, organic"
2026-08-27T16:22:10,107,The Iris Gate,Typographic_interactions/The Iris Gate.html,tags,,elegant,"bold, impactful, graphic, attention-grabbing, elegant, sophisticated, artistic, immersive, gradual, continuous, revealing, shape, transformative","bold, impactful, graphic, attention-grabbing, sophisticated, artistic, immersive, gradual, continuous, revealing, shape, transformative"
2026-08-27T16:23:02,118,aperture-contact-form,contact/aperture-contact-form.html,tags,,interactive,"polished, smooth, elegant, interactive, refined, clean, revealing, silky, depth, dimensional, alive, effortless, structured","polished, smooth, elegant, refined, clean, revealing, silky, depth, dimensional, alive, effortless, structured"
2026-08-27T16:36:41,118,aperture-contact-form,contact/aperture-contact-form.html,tags,,dimensional,"polished, smooth, elegant, refined, clean, revealing, silky, depth, dimensional, alive, effortless, structured","polished, smooth, elegant, refined, clean, revealing, silky, depth, alive, effortless, structured"
2026-08-27T16:36:48,118,aperture-contact-form,contact/aperture-contact-form.html,tags,,alive,"polished, smooth, elegant, refined, clean, revealing, silky, depth, alive, effortless, structured","polished, smooth, elegant, refined, clean, revealing, silky, depth, effortless, structured"
2026-08-27T16:36:58,118,aperture-contact-form,contact/aperture-contact-form.html,tags,,effortless,"polished, smooth, elegant, refined, clean, revealing, silky, depth, effortless, structured","polished, smooth, elegant, refined, clean, revealing, silky, depth, structured"
2026-08-27T16:37:08,118,aperture-contact-form,contact/aperture-contact-form.html,approved,,,,2026-08-27T16:37:08
2026-08-27T16:38:03,118,aperture-contact-form,contact/aperture-contact-form.html,tags,gentle,,"polished, smooth, elegant, refined, clean, revealing, silky, depth, structured","polished, smooth, elegant, refined, clean, revealing, silky, depth, structured, gentle"
2026-08-27T16:38:29,119,atelier-contact-form,contact/atelier-contact-form.html,tags,,zoom,"gentle, soft, elegant, interactive, refined, clean, understated, gradual, revealing, smooth, polished, transformative, zoom","gentle, soft, elegant, interactive, refined, clean, understated, gradual, revealing, smooth, polished, transformative"
2026-08-27T16:39:21,118,aperture-contact-form,contact/aperture-contact-form.html,tags,gradual,,"polished, smooth, elegant, refined, clean, revealing, silky, depth, structured, gentle","polished, smooth, elegant, refined, clean, revealing, silky, depth, structured, gentle, gradual"
2026-08-27T16:39:45,119,atelier-contact-form,contact/atelier-contact-form.html,tags,,interactive,"gentle, soft, elegant, interactive, refined, clean, understated, gradual, revealing, smooth, polished, transformative","gentle, soft, elegant, refined, clean, understated, gradual, revealing, smooth, polished, transformative"
2026-08-27T16:39:56,119,atelier-contact-form,contact/atelier-contact-form.html,tags,,understated,"gentle, soft, elegant, refined, clean, understated, gradual, revealing, smooth, polished, transformative","gentle, soft, elegant, refined, clean, gradual, revealing, smooth, polished, transformative"
2026-08-27T16:40:09,119,atelier-contact-form,contact/atelier-contact-form.html,approved,,,,2026-08-27T16:40:09
2026-08-27T16:44:25,120,atoll-contact-letter-cascade,contact/atoll-contact-letter-cascade.html,tags,,understated,"clean, minimal, elegant, refined, understated, smooth, polished, gentle, effortless, silky, cascading, staggered, vertical","clean, minimal, elegant, refined, smooth, polished, gentle, effortless, silky, cascading, staggered, vertical"
2026-08-27T16:44:28,120,atoll-contact-letter-cascade,contact/atoll-contact-letter-cascade.html,approved,,,,2026-08-27T16:44:28
2026-08-27T16:45:13,121,atoll-contact-word-lift,contact/atoll-contact-word-lift.html,tags,,staggered,"clean, minimal, elegant, refined, understated, smooth, polished, gentle, graceful, silky, vertical, staggered","clean, minimal, elegant, refined, understated, smooth, polished, gentle, graceful, silky, vertical"
2026-08-27T16:45:17,121,atoll-contact-word-lift,contact/atoll-contact-word-lift.html,approved,,,,2026-08-27T16:45:17
2026-08-27T16:45:33,122,cascade-flip-contact,contact/cascade-flip-contact.html,tags,bold,,"smooth, polished, refined, interactive, structured, sophisticated, confident, depth, 3d, dimensional, cascading, staggered","smooth, polished, refined, interactive, structured, sophisticated, confident, depth, 3d, dimensional, cascading, staggered, bold"
2026-08-27T16:45:37,122,cascade-flip-contact,contact/cascade-flip-contact.html,tags,artistic,,"smooth, polished, refined, interactive, structured, sophisticated, confident, depth, 3d, dimensional, cascading, staggered, bold","smooth, polished, refined, interactive, structured, sophisticated, confident, depth, 3d, dimensional, cascading, staggered, bold, artistic"
2026-08-27T16:45:49,122,cascade-flip-contact,contact/cascade-flip-contact.html,tags,creative,,"smooth, polished, refined, interactive, structured, sophisticated, confident, depth, 3d, dimensional, cascading, staggered, bold, artistic","smooth, polished, refined, interactive, structured, sophisticated, confident, depth, 3d, dimensional, cascading, staggered, bold, artistic, creative"
2026-08-27T16:45:59,122,cascade-flip-contact,contact/cascade-flip-contact.html,tags,energetic,,"smooth, polished, refined, interactive, structured, sophisticated, confident, depth, 3d, dimensional, cascading, staggered, bold, artistic, creative","smooth, polished, refined, interactive, structured, sophisticated, confident, depth, 3d, dimensional, cascading, staggered, bold, artistic, creative, energetic"
2026-08-27T16:46:16,122,cascade-flip-contact,contact/cascade-flip-contact.html,tags,,smooth,"smooth, polished, refined, interactive, structured, sophisticated, confident, depth, 3d, dimensional, cascading, staggered, bold, artistic, creative, energetic","polished, refined, interactive, structured, sophisticated, confident, depth, 3d, dimensional, cascading, staggered, bold, artistic, creative, energetic"
2026-08-27T16:46:19,122,cascade-flip-contact,contact/cascade-flip-contact.html,tags,,polished,"polished, refined, interactive, structured, sophisticated, confident, depth, 3d, dimensional, cascading, staggered, bold, artistic, creative, energetic","refined, interactive, structured, sophisticated, confident, depth, 3d, dimensional, cascading, staggered, bold, artistic, creative, energetic"
2026-08-27T16:46:22,122,cascade-flip-contact,contact/cascade-flip-contact.html,tags,,interactive,"refined, interactive, structured, sophisticated, confident, depth, 3d, dimensional, cascading, staggered, bold, artistic, creative, energetic","refined, structured, sophisticated, confident, depth, 3d, dimensional, cascading, staggered, bold, artistic, creative, energetic"
2026-08-27T16:46:27,122,cascade-flip-contact,contact/cascade-flip-contact.html,tags,,3d,"refined, structured, sophisticated, confident, depth, 3d, dimensional, cascading, staggered, bold, artistic, creative, energetic","refined, structured, sophisticated, confident, depth, dimensional, cascading, staggered, bold, artistic, creative, energetic"
2026-08-27T16:46:33,122,cascade-flip-contact,contact/cascade-flip-contact.html,approved,,,,2026-08-27T16:46:33
2026-08-27T16:47:03,126,mail-pull-back-contact,contact/mail-pull-back-contact.html,approved,,,,2026-08-27T16:47:03
2026-08-27T16:48:24,48,invert-header,Headers/invert-header.html,tags,,gradual,"subtle, clean, minimal, understated, refined, elegant, confident, smooth, gradual, continuous, transformative, revealing, graphic","subtle, clean, minimal, understated, refined, elegant, confident, smooth, continuous, transformative, revealing, graphic"
2026-08-27T16:48:26,48,invert-header,Headers/invert-header.html,tags,,continuous,"subtle, clean, minimal, understated, refined, elegant, confident, smooth, continuous, transformative, revealing, graphic","subtle, clean, minimal, understated, refined, elegant, confident, smooth, transformative, revealing, graphic"
2026-08-27T16:48:34,48,invert-header,Headers/invert-header.html,approved,,,,2026-08-27T16:48:34
2026-08-27T16:49:13,133,dropdown-light,interact-UI-elements/dropdown-light.html,tags,,zoom,"clean, smooth, polished, interactive, minimal, refined, understated, silky, alive, playful, vertical, revealing, zoom","clean, smooth, polished, interactive, minimal, refined, understated, silky, alive, playful, vertical, revealing"
2026-08-27T16:49:17,133,dropdown-light,interact-UI-elements/dropdown-light.html,approved,,,,2026-08-27T16:49:17
2026-08-27T17:01:24,81,Parting_List,Lists/Parting_List.html,tags,artistic,,"edgy, techy, graphic, unique, creative, cool, structured, horizontal, revealing, zoom, gradual, continuous","edgy, techy, graphic, unique, creative, cool, structured, horizontal, revealing, zoom, gradual, continuous, artistic"
2026-08-27T17:01:25,81,Parting_List,Lists/Parting_List.html,tags,futuristic,,"edgy, techy, graphic, unique, creative, cool, structured, horizontal, revealing, zoom, gradual, continuous, artistic","edgy, techy, graphic, unique, creative, cool, structured, horizontal, revealing, zoom, gradual, continuous, artistic, futuristic"
2026-08-27T17:01:27,81,Parting_List,Lists/Parting_List.html,tags,dynamic,,"edgy, techy, graphic, unique, creative, cool, structured, horizontal, revealing, zoom, gradual, continuous, artistic, futuristic","edgy, techy, graphic, unique, creative, cool, structured, horizontal, revealing, zoom, gradual, continuous, artistic, futuristic, dynamic"
2026-08-27T17:02:37,82,Product_Stroll_List,Lists/Product_Stroll_List.html,tags,high-end,,"smooth, polished, clean, refined, elegant, sophisticated, minimal, structured, staggered, revealing, transformative, zoom, impactful","smooth, polished, clean, refined, elegant, sophisticated, minimal, structured, staggered, revealing, transformative, zoom, impactful, high-end"
2026-08-27T17:02:38,82,Product_Stroll_List,Lists/Product_Stroll_List.html,tags,gradual,,"smooth, polished, clean, refined, elegant, sophisticated, minimal, structured, staggered, revealing, transformative, zoom, impactful, high-end","smooth, polished, clean, refined, elegant, sophisticated, minimal, structured, staggered, revealing, transformative, zoom, impactful, high-end, gradual"
2026-08-27T17:03:28,84,Word_Cloud_List,Lists/Word_Cloud_List.html,tags,refined,,"alive, organic, playful, interactive, soft, subtle, minimal, understated, elegant, clean, smooth, zoom, creative","alive, organic, playful, interactive, soft, subtle, minimal, understated, elegant, clean, smooth, zoom, creative, refined"
2026-08-27T17:03:29,84,Word_Cloud_List,Lists/Word_Cloud_List.html,approved,,,,2026-08-27T17:03:29
2026-08-27T17:04:23,84,Word_Cloud_List,Lists/Word_Cloud_List.html,un-approved,,,2026-08-27T17:03:29,
2026-08-27T17:04:23,84,Word_Cloud_List,Lists/Word_Cloud_List.html,tags,,refined,"alive, organic, playful, interactive, soft, subtle, minimal, understated, elegant, clean, smooth, zoom, creative, refined","alive, organic, playful, interactive, soft, subtle, minimal, understated, elegant, clean, smooth, zoom, creative"
2026-08-30T11:09:09,110,Waterfall_Text,Typographic_interactions/Waterfall_Text.html,tags,cloudy,,"gentle, calm, smooth, gradual, flowing, elegant, refined, understated, depth, dimensional, perspective, cascading, staggered","gentle, calm, smooth, gradual, flowing, elegant, refined, understated, depth, dimensional, perspective, cascading, staggered, cloudy"
2026-08-30T11:09:15,110,Waterfall_Text,Typographic_interactions/Waterfall_Text.html,approved,,,,2026-08-30T11:09:15
2026-08-30T11:09:41,113,focus-pull,Typographic_interactions/focus-pull.html,tags,high-end,,"clean, minimal, understated, refined, elegant, artistic, gradual, flowing, revealing, continuous, depth, effortless","clean, minimal, understated, refined, elegant, artistic, gradual, flowing, revealing, continuous, depth, effortless, high-end"
2026-08-30T11:09:42,113,focus-pull,Typographic_interactions/focus-pull.html,tags,cloudy,,"clean, minimal, understated, refined, elegant, artistic, gradual, flowing, revealing, continuous, depth, effortless, high-end","clean, minimal, understated, refined, elegant, artistic, gradual, flowing, revealing, continuous, depth, effortless, high-end, cloudy"
2026-08-30T11:09:57,113,focus-pull,Typographic_interactions/focus-pull.html,tags,,minimal,"clean, minimal, understated, refined, elegant, artistic, gradual, flowing, revealing, continuous, depth, effortless, high-end, cloudy","clean, understated, refined, elegant, artistic, gradual, flowing, revealing, continuous, depth, effortless, high-end, cloudy"
2026-08-30T11:10:09,113,focus-pull,Typographic_interactions/focus-pull.html,tags,,understated,"clean, understated, refined, elegant, artistic, gradual, flowing, revealing, continuous, depth, effortless, high-end, cloudy","clean, refined, elegant, artistic, gradual, flowing, revealing, continuous, depth, effortless, high-end, cloudy"
2026-08-30T11:10:21,113,focus-pull,Typographic_interactions/focus-pull.html,approved,,,,2026-08-30T11:10:21
2026-08-30T11:10:35,14,Vertical/ horizontal lanes,Gallery-and-Carousel/VerticalLanes.html,tags,,subtle,"smooth, gentle, subtle, elegant, soft, clean, refined, graceful, classic, high-end, modern, silky, endless, immersive, continuous","smooth, gentle, elegant, soft, clean, refined, graceful, classic, high-end, modern, silky, endless, immersive, continuous"
2026-08-30T11:11:07,14,Vertical/ horizontal lanes,Gallery-and-Carousel/VerticalLanes.html,tags,flowing,,"smooth, gentle, elegant, soft, clean, refined, graceful, classic, high-end, modern, silky, endless, immersive, continuous","smooth, gentle, elegant, soft, clean, refined, graceful, classic, high-end, modern, silky, endless, immersive, continuous, flowing"
2026-08-30T11:11:16,14,Vertical/ horizontal lanes,Gallery-and-Carousel/VerticalLanes.html,tags,simple,,"smooth, gentle, elegant, soft, clean, refined, graceful, classic, high-end, modern, silky, endless, immersive, continuous, flowing","smooth, gentle, elegant, soft, clean, refined, graceful, classic, high-end, modern, silky, endless, immersive, continuous, flowing, simple"
2026-08-30T11:11:17,14,Vertical/ horizontal lanes,Gallery-and-Carousel/VerticalLanes.html,approved,,,,2026-08-30T11:11:17
2026-08-30T11:11:35,4,horiznotal & vertical scroll,Gallery-and-Carousel/HorizontalAndVerticalScroll.html,tags,horizontal scroll,,"creative, unique, bold, dynamic, classic, playful, confident, silky","creative, unique, bold, dynamic, classic, playful, confident, silky, horizontal scroll"
2026-08-30T11:11:39,4,horiznotal & vertical scroll,Gallery-and-Carousel/HorizontalAndVerticalScroll.html,tags,vertical,,"creative, unique, bold, dynamic, classic, playful, confident, silky, horizontal scroll","creative, unique, bold, dynamic, classic, playful, confident, silky, horizontal scroll, vertical"
2026-08-30T11:11:58,4,horiznotal & vertical scroll,Gallery-and-Carousel/HorizontalAndVerticalScroll.html,tags,futuristic,,"creative, unique, bold, dynamic, classic, playful, confident, silky, horizontal scroll, vertical","creative, unique, bold, dynamic, classic, playful, confident, silky, horizontal scroll, vertical, futuristic"
2026-08-30T11:12:02,4,horiznotal & vertical scroll,Gallery-and-Carousel/HorizontalAndVerticalScroll.html,tags,edgy,,"creative, unique, bold, dynamic, classic, playful, confident, silky, horizontal scroll, vertical, futuristic","creative, unique, bold, dynamic, classic, playful, confident, silky, horizontal scroll, vertical, futuristic, edgy"
2026-08-30T11:12:05,4,horiznotal & vertical scroll,Gallery-and-Carousel/HorizontalAndVerticalScroll.html,approved,,,,2026-08-30T11:12:05
2026-08-30T11:12:37,124,location-image-circle-close-contact,contact/location-image-circle-close-contact.html,tags,silky,,"smooth, gradual, clean, interactive, elegant, minimal, flowing, continuous, revealing, circular, shape, transformative, zoom","smooth, gradual, clean, interactive, elegant, minimal, flowing, continuous, revealing, circular, shape, transformative, zoom, silky"
2026-08-30T11:12:46,124,location-image-circle-close-contact,contact/location-image-circle-close-contact.html,approved,,,,2026-08-30T11:12:46
2026-08-30T11:12:52,123,iris-contact-form,contact/iris-contact-form.html,tags,classic,,"smooth, silky, elegant, gentle, refined, clean, minimal, graceful, revealing, circular, zoom, organic","smooth, silky, elegant, gentle, refined, clean, minimal, graceful, revealing, circular, zoom, organic, classic"
2026-08-30T11:12:54,123,iris-contact-form,contact/iris-contact-form.html,tags,calm,,"smooth, silky, elegant, gentle, refined, clean, minimal, graceful, revealing, circular, zoom, organic, classic","smooth, silky, elegant, gentle, refined, clean, minimal, graceful, revealing, circular, zoom, organic, classic, calm"
2026-08-30T11:12:55,123,iris-contact-form,contact/iris-contact-form.html,tags,modern,,"smooth, silky, elegant, gentle, refined, clean, minimal, graceful, revealing, circular, zoom, organic, classic, calm","smooth, silky, elegant, gentle, refined, clean, minimal, graceful, revealing, circular, zoom, organic, classic, calm, modern"
2026-08-30T11:12:58,123,iris-contact-form,contact/iris-contact-form.html,tags,high-end,,"smooth, silky, elegant, gentle, refined, clean, minimal, graceful, revealing, circular, zoom, organic, classic, calm, modern","smooth, silky, elegant, gentle, refined, clean, minimal, graceful, revealing, circular, zoom, organic, classic, calm, modern, high-end"
2026-08-30T11:13:16,123,iris-contact-form,contact/iris-contact-form.html,approved,,,,2026-08-30T11:13:16
2026-08-30T11:13:43,125,location-image-sides-then-centre-contact,contact/location-image-sides-then-centre-contact.html,tags,organic,,"smooth, gradual, clean, interactive, elegant, minimal, flowing, continuous, structured, revealing, horizontal, vertical, transformative","smooth, gradual, clean, interactive, elegant, minimal, flowing, continuous, structured, revealing, horizontal, vertical, transformative, organic"
2026-08-30T11:13:51,125,location-image-sides-then-centre-contact,contact/location-image-sides-then-centre-contact.html,tags,shape,,"smooth, gradual, clean, interactive, elegant, minimal, flowing, continuous, structured, revealing, horizontal, vertical, transformative, organic","smooth, gradual, clean, interactive, elegant, minimal, flowing, continuous, structured, revealing, horizontal, vertical, transformative, organic, shape"
2026-08-30T11:14:06,125,location-image-sides-then-centre-contact,contact/location-image-sides-then-centre-contact.html,approved,,,,2026-08-30T11:14:06
2026-08-30T11:14:22,127,pixel-dissolve-contact,contact/pixel-dissolve-contact.html,tags,bold,,"techy, structured, organized, interactive, polished, smooth, futuristic, confident, staggered, cascading, revealing, transformative","techy, structured, organized, interactive, polished, smooth, futuristic, confident, staggered, cascading, revealing, transformative, bold"
2026-08-30T11:14:25,127,pixel-dissolve-contact,contact/pixel-dissolve-contact.html,tags,graphic,,"techy, structured, organized, interactive, polished, smooth, futuristic, confident, staggered, cascading, revealing, transformative, bold","techy, structured, organized, interactive, polished, smooth, futuristic, confident, staggered, cascading, revealing, transformative, bold, graphic"
2026-08-30T11:14:28,127,pixel-dissolve-contact,contact/pixel-dissolve-contact.html,tags,expressive,,"techy, structured, organized, interactive, polished, smooth, futuristic, confident, staggered, cascading, revealing, transformative, bold, graphic","techy, structured, organized, interactive, polished, smooth, futuristic, confident, staggered, cascading, revealing, transformative, bold, graphic, expressive"
2026-08-30T11:14:30,127,pixel-dissolve-contact,contact/pixel-dissolve-contact.html,approved,,,,2026-08-30T11:14:30
2026-08-30T11:14:54,130,plumb-contact-card,contact/plumb-contact-card.html,approved,,,,2026-08-30T11:14:54
2026-08-30T11:15:15,128,plumb-contact-card-expand-to-fullscreen,contact/plumb-contact-card-expand-to-fullscreen.html,tags,shape,,"elegant, high-end, sophisticated, interactive, refined, smooth, gradual, seamless, transformative, zoom, depth, layered, revealing","elegant, high-end, sophisticated, interactive, refined, smooth, gradual, seamless, transformative, zoom, depth, layered, revealing, shape"
2026-08-30T11:15:16,128,plumb-contact-card-expand-to-fullscreen,contact/plumb-contact-card-expand-to-fullscreen.html,tags,gentle,,"elegant, high-end, sophisticated, interactive, refined, smooth, gradual, seamless, transformative, zoom, depth, layered, revealing, shape","elegant, high-end, sophisticated, interactive, refined, smooth, gradual, seamless, transformative, zoom, depth, layered, revealing, shape, gentle"
2026-08-30T11:15:18,128,plumb-contact-card-expand-to-fullscreen,contact/plumb-contact-card-expand-to-fullscreen.html,approved,,,,2026-08-30T11:15:18
2026-08-30T11:15:25,129,plumb-contact-card-fade-scale-over-hero,contact/plumb-contact-card-fade-scale-over-hero.html,tags,classic,,"elegant, clean, minimal, interactive, refined, sophisticated, smooth, gradual, effortless, layered, depth, zoom, revealing","elegant, clean, minimal, interactive, refined, sophisticated, smooth, gradual, effortless, layered, depth, zoom, revealing, classic"
2026-08-30T11:15:26,129,plumb-contact-card-fade-scale-over-hero,contact/plumb-contact-card-fade-scale-over-hero.html,tags,calm,,"elegant, clean, minimal, interactive, refined, sophisticated, smooth, gradual, effortless, layered, depth, zoom, revealing, classic","elegant, clean, minimal, interactive, refined, sophisticated, smooth, gradual, effortless, layered, depth, zoom, revealing, classic, calm"
2026-08-30T11:15:34,129,plumb-contact-card-fade-scale-over-hero,contact/plumb-contact-card-fade-scale-over-hero.html,tags,,sophisticated,"elegant, clean, minimal, interactive, refined, sophisticated, smooth, gradual, effortless, layered, depth, zoom, revealing, classic, calm","elegant, clean, minimal, interactive, refined, smooth, gradual, effortless, layered, depth, zoom, revealing, classic, calm"
2026-08-30T11:15:41,129,plumb-contact-card-fade-scale-over-hero,contact/plumb-contact-card-fade-scale-over-hero.html,tags,,gradual,"elegant, clean, minimal, interactive, refined, smooth, gradual, effortless, layered, depth, zoom, revealing, classic, calm","elegant, clean, minimal, interactive, refined, smooth, effortless, layered, depth, zoom, revealing, classic, calm"
2026-08-30T11:15:45,129,plumb-contact-card-fade-scale-over-hero,contact/plumb-contact-card-fade-scale-over-hero.html,approved,,,,2026-08-30T11:15:45
2026-08-30T11:16:06,131,plumb-contact-form-standup,contact/plumb-contact-form-standup.html,approved,,,,2026-08-30T11:16:06
2026-08-30T11:16:23,132,serpentine-shutter-contact,contact/serpentine-shutter-contact.html,tags,,minimal,"polished, smooth, interactive, refined, structured, revealing, staggered, horizontal, minimal, organized, seamless, transformative","polished, smooth, interactive, refined, structured, revealing, staggered, horizontal, organized, seamless, transformative"
2026-08-30T11:16:26,132,serpentine-shutter-contact,contact/serpentine-shutter-contact.html,tags,alive,,"polished, smooth, interactive, refined, structured, revealing, staggered, horizontal, organized, seamless, transformative","polished, smooth, interactive, refined, structured, revealing, staggered, horizontal, organized, seamless, transformative, alive"
2026-08-30T11:16:28,132,serpentine-shutter-contact,contact/serpentine-shutter-contact.html,tags,techy,,"polished, smooth, interactive, refined, structured, revealing, staggered, horizontal, organized, seamless, transformative, alive","polished, smooth, interactive, refined, structured, revealing, staggered, horizontal, organized, seamless, transformative, alive, techy"
2026-08-30T11:16:40,132,serpentine-shutter-contact,contact/serpentine-shutter-contact.html,tags,,seamless,"polished, smooth, interactive, refined, structured, revealing, staggered, horizontal, organized, seamless, transformative, alive, techy","polished, smooth, interactive, refined, structured, revealing, staggered, horizontal, organized, transformative, alive, techy"
2026-08-30T11:16:46,132,serpentine-shutter-contact,contact/serpentine-shutter-contact.html,approved,,,,2026-08-30T11:16:46
2026-08-30T11:16:57,20,3D small carousel,Gallery-and-Carousel/3DSmallCarousel.html,tags,immersive,,"edgy, 3d, depth, creative, unconventional, artistic, experimental, bold, modern, continuous, high-end, techy","edgy, 3d, depth, creative, unconventional, artistic, experimental, bold, modern, continuous, high-end, techy, immersive"
2026-08-30T11:16:59,20,3D small carousel,Gallery-and-Carousel/3DSmallCarousel.html,tags,dynamic,,"edgy, 3d, depth, creative, unconventional, artistic, experimental, bold, modern, continuous, high-end, techy, immersive","edgy, 3d, depth, creative, unconventional, artistic, experimental, bold, modern, continuous, high-end, techy, immersive, dynamic"
2026-08-30T11:17:00,20,3D small carousel,Gallery-and-Carousel/3DSmallCarousel.html,tags,endless,,"edgy, 3d, depth, creative, unconventional, artistic, experimental, bold, modern, continuous, high-end, techy, immersive, dynamic","edgy, 3d, depth, creative, unconventional, artistic, experimental, bold, modern, continuous, high-end, techy, immersive, dynamic, endless"
2026-08-30T11:17:03,20,3D small carousel,Gallery-and-Carousel/3DSmallCarousel.html,tags,expressive,,"edgy, 3d, depth, creative, unconventional, artistic, experimental, bold, modern, continuous, high-end, techy, immersive, dynamic, endless","edgy, 3d, depth, creative, unconventional, artistic, experimental, bold, modern, continuous, high-end, techy, immersive, dynamic, endless, expressive"
2026-08-30T11:17:06,20,3D small carousel,Gallery-and-Carousel/3DSmallCarousel.html,tags,impactful,,"edgy, 3d, depth, creative, unconventional, artistic, experimental, bold, modern, continuous, high-end, techy, immersive, dynamic, endless, expressive","edgy, 3d, depth, creative, unconventional, artistic, experimental, bold, modern, continuous, high-end, techy, immersive, dynamic, endless, expressive, impactful"
2026-08-30T11:17:10,20,3D small carousel,Gallery-and-Carousel/3DSmallCarousel.html,approved,,,,2026-08-30T11:17:10
2026-08-30T11:17:25,22,3D_Parallax_Gallery,Gallery-and-Carousel/3D_Parallax_Gallery.html,tags,poppy,,"depth, 3d, dimensional, interactive, alive, playful, perspective, layered, polished, structured, organized, cool","depth, 3d, dimensional, interactive, alive, playful, perspective, layered, polished, structured, organized, cool, poppy"
2026-08-30T11:17:37,22,3D_Parallax_Gallery,Gallery-and-Carousel/3D_Parallax_Gallery.html,tags,energetic,,"depth, 3d, dimensional, interactive, alive, playful, perspective, layered, polished, structured, organized, cool, poppy","depth, 3d, dimensional, interactive, alive, playful, perspective, layered, polished, structured, organized, cool, poppy, energetic"
2026-08-30T11:17:42,22,3D_Parallax_Gallery,Gallery-and-Carousel/3D_Parallax_Gallery.html,approved,,,,2026-08-30T11:17:42
2026-08-30T11:18:32,18,Accordion Scroll Vertical,Gallery-and-Carousel/AccordionScrollVertical.html,tags,surprising,,"playful, dynamic, interactive, eye-catching, fun, creative, unconventional, artistic, experimental","playful, dynamic, interactive, eye-catching, fun, creative, unconventional, artistic, experimental, surprising"
2026-08-30T11:18:33,18,Accordion Scroll Vertical,Gallery-and-Carousel/AccordionScrollVertical.html,tags,expressive,,"playful, dynamic, interactive, eye-catching, fun, creative, unconventional, artistic, experimental, surprising","playful, dynamic, interactive, eye-catching, fun, creative, unconventional, artistic, experimental, surprising, expressive"
2026-08-30T11:18:44,18,Accordion Scroll Vertical,Gallery-and-Carousel/AccordionScrollVertical.html,approved,,,,2026-08-30T11:18:44
2026-08-30T11:18:50,12,acordion scroll,Gallery-and-Carousel/AccordionScrollHorizontal.html,tags,playful,,"dynamic, interactive, fun, poppy, flowing, sophisticated, modern, spatial, depth, gradual, alive","dynamic, interactive, fun, poppy, flowing, sophisticated, modern, spatial, depth, gradual, alive, playful"
2026-08-30T11:18:53,12,acordion scroll,Gallery-and-Carousel/AccordionScrollHorizontal.html,tags,edgy,,"dynamic, interactive, fun, poppy, flowing, sophisticated, modern, spatial, depth, gradual, alive, playful","dynamic, interactive, fun, poppy, flowing, sophisticated, modern, spatial, depth, gradual, alive, playful, edgy"
2026-08-30T11:19:14,12,acordion scroll,Gallery-and-Carousel/AccordionScrollHorizontal.html,tags,,gradual,"dynamic, interactive, fun, poppy, flowing, sophisticated, modern, spatial, depth, gradual, alive, playful, edgy","dynamic, interactive, fun, poppy, flowing, sophisticated, modern, spatial, depth, alive, playful, edgy"
2026-08-30T11:19:26,12,acordion scroll,Gallery-and-Carousel/AccordionScrollHorizontal.html,approved,,,,2026-08-30T11:19:26
2026-08-30T11:20:30,23,BlurFocus_Gallery,Gallery-and-Carousel/BlurFocus_Gallery.html,tags,playful,,"revealing, smooth, interactive, transformative, alive, polished, zoom, staggered, structured, organized, subtle, elegant","revealing, smooth, interactive, transformative, alive, polished, zoom, staggered, structured, organized, subtle, elegant, playful"
2026-08-30T11:20:37,23,BlurFocus_Gallery,Gallery-and-Carousel/BlurFocus_Gallery.html,tags,,zoom,"revealing, smooth, interactive, transformative, alive, polished, zoom, staggered, structured, organized, subtle, elegant, playful","revealing, smooth, interactive, transformative, alive, polished, staggered, structured, organized, subtle, elegant, playful"
2026-08-30T11:20:47,23,BlurFocus_Gallery,Gallery-and-Carousel/BlurFocus_Gallery.html,tags,,transformative,"revealing, smooth, interactive, transformative, alive, polished, staggered, structured, organized, subtle, elegant, playful","revealing, smooth, interactive, alive, polished, staggered, structured, organized, subtle, elegant, playful"
2026-08-30T11:20:54,23,BlurFocus_Gallery,Gallery-and-Carousel/BlurFocus_Gallery.html,approved,,,,2026-08-30T11:20:54
2026-08-30T11:21:07,1,Card Spread,Gallery-and-Carousel/CardSpread.html,tags,gradual,,"smooth, gentle, subtle, elegant, soft, clean, refined, graceful, cloudy, understated, classic, high-end, modern","smooth, gentle, subtle, elegant, soft, clean, refined, graceful, cloudy, understated, classic, high-end, modern, gradual"
2026-08-30T11:21:10,1,Card Spread,Gallery-and-Carousel/CardSpread.html,tags,shape,,"smooth, gentle, subtle, elegant, soft, clean, refined, graceful, cloudy, understated, classic, high-end, modern, gradual","smooth, gentle, subtle, elegant, soft, clean, refined, graceful, cloudy, understated, classic, high-end, modern, gradual, shape"
2026-08-30T11:21:13,1,Card Spread,Gallery-and-Carousel/CardSpread.html,approved,,,,2026-08-30T11:21:13
2026-08-30T11:22:42,25,CardSpread_7,Gallery-and-Carousel/CardSpread_7.html,approved,,,,2026-08-30T11:22:42
2026-08-30T11:22:52,24,CardSpreadByHover,Gallery-and-Carousel/CardSpreadByHover.html,tags,impactful,,"smooth, elegant, horizontal, clean, polished, interactive, layered, revealing, effortless, silky, refined, flowing","smooth, elegant, horizontal, clean, polished, interactive, layered, revealing, effortless, silky, refined, flowing, impactful"
2026-08-30T11:23:06,24,CardSpreadByHover,Gallery-and-Carousel/CardSpreadByHover.html,approved,,,,2026-08-30T11:23:06
2026-08-30T11:26:48,26,CasperGallery,Gallery-and-Carousel/CasperGallery.html,tags,fun,,"playful, alive, surprising, interactive, poppy, endless, experimental, staggered, zoom, revealing, organic, energetic, immersive","playful, alive, surprising, interactive, poppy, endless, experimental, staggered, zoom, revealing, organic, energetic, immersive, fun"
2026-08-30T11:26:49,26,CasperGallery,Gallery-and-Carousel/CasperGallery.html,tags,expressive,,"playful, alive, surprising, interactive, poppy, endless, experimental, staggered, zoom, revealing, organic, energetic, immersive, fun","playful, alive, surprising, interactive, poppy, endless, experimental, staggered, zoom, revealing, organic, energetic, immersive, fun, expressive"
2026-08-30T11:26:50,26,CasperGallery,Gallery-and-Carousel/CasperGallery.html,tags,edgy,,"playful, alive, surprising, interactive, poppy, endless, experimental, staggered, zoom, revealing, organic, energetic, immersive, fun, expressive","playful, alive, surprising, interactive, poppy, endless, experimental, staggered, zoom, revealing, organic, energetic, immersive, fun, expressive, edgy"
2026-08-30T11:26:51,26,CasperGallery,Gallery-and-Carousel/CasperGallery.html,tags,dynamic,,"playful, alive, surprising, interactive, poppy, endless, experimental, staggered, zoom, revealing, organic, energetic, immersive, fun, expressive, edgy","playful, alive, surprising, interactive, poppy, endless, experimental, staggered, zoom, revealing, organic, energetic, immersive, fun, expressive, edgy, dynamic"
2026-08-30T11:26:51,26,CasperGallery,Gallery-and-Carousel/CasperGallery.html,tags,graphic,,"playful, alive, surprising, interactive, poppy, endless, experimental, staggered, zoom, revealing, organic, energetic, immersive, fun, expressive, edgy, dynamic","playful, alive, surprising, interactive, poppy, endless, experimental, staggered, zoom, revealing, organic, energetic, immersive, fun, expressive, edgy, dynamic, graphic"
2026-08-30T11:26:52,26,CasperGallery,Gallery-and-Carousel/CasperGallery.html,tags,cool,,"playful, alive, surprising, interactive, poppy, endless, experimental, staggered, zoom, revealing, organic, energetic, immersive, fun, expressive, edgy, dynamic, graphic","playful, alive, surprising, interactive, poppy, endless, experimental, staggered, zoom, revealing, organic, energetic, immersive, fun, expressive, edgy, dynamic, graphic, cool"
2026-08-30T11:26:55,26,CasperGallery,Gallery-and-Carousel/CasperGallery.html,tags,charming,,"playful, alive, surprising, interactive, poppy, endless, experimental, staggered, zoom, revealing, organic, energetic, immersive, fun, expressive, edgy, dynamic, graphic, cool","playful, alive, surprising, interactive, poppy, endless, experimental, staggered, zoom, revealing, organic, energetic, immersive, fun, expressive, edgy, dynamic, graphic, cool, charming"
2026-08-30T11:27:12,26,CasperGallery,Gallery-and-Carousel/CasperGallery.html,tags,,zoom,"playful, alive, surprising, interactive, poppy, endless, experimental, staggered, zoom, revealing, organic, energetic, immersive, fun, expressive, edgy, dynamic, graphic, cool, charming","playful, alive, surprising, interactive, poppy, endless, experimental, staggered, revealing, organic, energetic, immersive, fun, expressive, edgy, dynamic, graphic, cool, charming"
2026-08-30T11:27:20,26,CasperGallery,Gallery-and-Carousel/CasperGallery.html,tags,,organic,"playful, alive, surprising, interactive, poppy, endless, experimental, staggered, revealing, organic, energetic, immersive, fun, expressive, edgy, dynamic, graphic, cool, charming","playful, alive, surprising, interactive, poppy, endless, experimental, staggered, revealing, energetic, immersive, fun, expressive, edgy, dynamic, graphic, cool, charming"
2026-08-30T11:27:25,26,CasperGallery,Gallery-and-Carousel/CasperGallery.html,approved,,,,2026-08-30T11:27:25
2026-08-30T11:27:38,6,classic horziontal scroll,Gallery-and-Carousel/ClassicHorizontalScroll.html,tags,classic,,"horizontal scroll, smooth, clean, elegant, flowing, graceful, seamless, polished, effortless, simple, silky","horizontal scroll, smooth, clean, elegant, flowing, graceful, seamless, polished, effortless, simple, silky, classic"
2026-08-30T11:27:42,6,classic horziontal scroll,Gallery-and-Carousel/ClassicHorizontalScroll.html,tags,gradual,,"horizontal scroll, smooth, clean, elegant, flowing, graceful, seamless, polished, effortless, simple, silky, classic","horizontal scroll, smooth, clean, elegant, flowing, graceful, seamless, polished, effortless, simple, silky, classic, gradual"
2026-08-30T11:27:44,6,classic horziontal scroll,Gallery-and-Carousel/ClassicHorizontalScroll.html,approved,,,,2026-08-30T11:27:44
2026-08-30T11:27:51,7,corner fold scroll animation,Gallery-and-Carousel/CornerFoldScrollAnimation.html,tags,elegant,,"dynamic, energetic, continuous, flowing, smooth, circular, silky, effortless, gradual, playful, modern","dynamic, energetic, continuous, flowing, smooth, circular, silky, effortless, gradual, playful, modern, elegant"
2026-08-30T11:27:53,7,corner fold scroll animation,Gallery-and-Carousel/CornerFoldScrollAnimation.html,tags,poppy,,"dynamic, energetic, continuous, flowing, smooth, circular, silky, effortless, gradual, playful, modern, elegant","dynamic, energetic, continuous, flowing, smooth, circular, silky, effortless, gradual, playful, modern, elegant, poppy"
2026-08-30T11:28:04,7,corner fold scroll animation,Gallery-and-Carousel/CornerFoldScrollAnimation.html,approved,,,,2026-08-30T11:28:04
2026-08-30T11:28:24,27,Cornergallery01,Gallery-and-Carousel/Cornergallery01.html,tags,,bold,"immersive, revealing, zoom, interactive, impactful, continuous, transformative, alive, endless, bold, expressive, seamless","immersive, revealing, zoom, interactive, impactful, continuous, transformative, alive, endless, expressive, seamless"
2026-08-30T11:28:30,27,Cornergallery01,Gallery-and-Carousel/Cornergallery01.html,tags,,expressive,"immersive, revealing, zoom, interactive, impactful, continuous, transformative, alive, endless, expressive, seamless","immersive, revealing, zoom, interactive, impactful, continuous, transformative, alive, endless, seamless"
2026-08-30T11:28:38,27,Cornergallery01,Gallery-and-Carousel/Cornergallery01.html,approved,,,,2026-08-30T11:28:38
2026-08-30T11:28:49,28,CursorTrail,Gallery-and-Carousel/CursorTrail.html,tags,,zoom,"playful, interactive, alive, poppy, surprising, zoom, revealing, cascading, organic, fun, clean, minimal","playful, interactive, alive, poppy, surprising, revealing, cascading, organic, fun, clean, minimal"
2026-08-30T11:28:53,28,CursorTrail,Gallery-and-Carousel/CursorTrail.html,tags,,organic,"playful, interactive, alive, poppy, surprising, revealing, cascading, organic, fun, clean, minimal","playful, interactive, alive, poppy, surprising, revealing, cascading, fun, clean, minimal"
2026-08-30T11:28:58,28,CursorTrail,Gallery-and-Carousel/CursorTrail.html,tags,,minimal,"playful, interactive, alive, poppy, surprising, revealing, cascading, fun, clean, minimal","playful, interactive, alive, poppy, surprising, revealing, cascading, fun, clean"
2026-08-30T11:29:01,28,CursorTrail,Gallery-and-Carousel/CursorTrail.html,tags,charming,,"playful, interactive, alive, poppy, surprising, revealing, cascading, fun, clean","playful, interactive, alive, poppy, surprising, revealing, cascading, fun, clean, charming"
2026-08-30T11:29:04,28,CursorTrail,Gallery-and-Carousel/CursorTrail.html,tags,groovy,,"playful, interactive, alive, poppy, surprising, revealing, cascading, fun, clean, charming","playful, interactive, alive, poppy, surprising, revealing, cascading, fun, clean, charming, groovy"
2026-08-30T11:29:06,28,CursorTrail,Gallery-and-Carousel/CursorTrail.html,tags,edgy,,"playful, interactive, alive, poppy, surprising, revealing, cascading, fun, clean, charming, groovy","playful, interactive, alive, poppy, surprising, revealing, cascading, fun, clean, charming, groovy, edgy"
2026-08-30T11:29:07,28,CursorTrail,Gallery-and-Carousel/CursorTrail.html,tags,dynamic,,"playful, interactive, alive, poppy, surprising, revealing, cascading, fun, clean, charming, groovy, edgy","playful, interactive, alive, poppy, surprising, revealing, cascading, fun, clean, charming, groovy, edgy, dynamic"
2026-08-30T11:29:08,28,CursorTrail,Gallery-and-Carousel/CursorTrail.html,tags,modern,,"playful, interactive, alive, poppy, surprising, revealing, cascading, fun, clean, charming, groovy, edgy, dynamic","playful, interactive, alive, poppy, surprising, revealing, cascading, fun, clean, charming, groovy, edgy, dynamic, modern"
2026-08-30T11:29:10,28,CursorTrail,Gallery-and-Carousel/CursorTrail.html,approved,,,,2026-08-30T11:29:10
2026-08-30T11:29:30,29,DiagonalShuffle,Gallery-and-Carousel/DiagonalShuffle.html,tags,layered,,"dynamic, smooth, staggered, cascading, depth, gradual, polished, zoom, playful, energetic, clean, dimensional","dynamic, smooth, staggered, cascading, depth, gradual, polished, zoom, playful, energetic, clean, dimensional, layered"
2026-08-30T11:29:32,29,DiagonalShuffle,Gallery-and-Carousel/DiagonalShuffle.html,tags,elegant,,"dynamic, smooth, staggered, cascading, depth, gradual, polished, zoom, playful, energetic, clean, dimensional, layered","dynamic, smooth, staggered, cascading, depth, gradual, polished, zoom, playful, energetic, clean, dimensional, layered, elegant"
2026-08-30T11:29:33,29,DiagonalShuffle,Gallery-and-Carousel/DiagonalShuffle.html,approved,,,,2026-08-30T11:29:33
2026-08-30T11:34:05,13,Digital Jukebox,Gallery-and-Carousel/DigitalJukebox.html,tags,cool,,"revealing, vertical, confident, impactful, creative, bold, spiraling, expressive, depth, layering, circular","revealing, vertical, confident, impactful, creative, bold, spiraling, expressive, depth, layering, circular, cool"
2026-08-30T11:34:07,13,Digital Jukebox,Gallery-and-Carousel/DigitalJukebox.html,approved,,,,2026-08-30T11:34:07
2026-08-30T11:34:18,30,DolphinAnimation,Gallery-and-Carousel/DolphinAnimation.html,tags,expressive,,"playful, revealing, alive, interactive, organic, surprising, fun, groovy, transformative, vertical, clean, poppy","playful, revealing, alive, interactive, organic, surprising, fun, groovy, transformative, vertical, clean, poppy, expressive"
2026-08-30T11:34:20,30,DolphinAnimation,Gallery-and-Carousel/DolphinAnimation.html,tags,modern,,"playful, revealing, alive, interactive, organic, surprising, fun, groovy, transformative, vertical, clean, poppy, expressive","playful, revealing, alive, interactive, organic, surprising, fun, groovy, transformative, vertical, clean, poppy, expressive, modern"
2026-08-30T11:34:21,30,DolphinAnimation,Gallery-and-Carousel/DolphinAnimation.html,tags,innovative,,"playful, revealing, alive, interactive, organic, surprising, fun, groovy, transformative, vertical, clean, poppy, expressive, modern","playful, revealing, alive, interactive, organic, surprising, fun, groovy, transformative, vertical, clean, poppy, expressive, modern, innovative"
2026-08-30T11:34:22,30,DolphinAnimation,Gallery-and-Carousel/DolphinAnimation.html,tags,edgy,,"playful, revealing, alive, interactive, organic, surprising, fun, groovy, transformative, vertical, clean, poppy, expressive, modern, innovative","playful, revealing, alive, interactive, organic, surprising, fun, groovy, transformative, vertical, clean, poppy, expressive, modern, innovative, edgy"
2026-08-30T11:34:23,30,DolphinAnimation,Gallery-and-Carousel/DolphinAnimation.html,approved,,,,2026-08-30T11:34:23
2026-08-30T13:00:50,16,Endless Parallax,Gallery-and-Carousel/EndlessParallax.html,tags,unconventional,,"playful, bold, 3d, expressive, innovative, interactive, dynamic, edgy, fun, futuristic, flowless","playful, bold, 3d, expressive, innovative, interactive, dynamic, edgy, fun, futuristic, flowless, unconventional"
2026-08-30T13:00:51,16,Endless Parallax,Gallery-and-Carousel/EndlessParallax.html,tags,attention-grabbing,,"playful, bold, 3d, expressive, innovative, interactive, dynamic, edgy, fun, futuristic, flowless, unconventional","playful, bold, 3d, expressive, innovative, interactive, dynamic, edgy, fun, futuristic, flowless, unconventional, attention-grabbing"
2026-08-30T13:00:52,16,Endless Parallax,Gallery-and-Carousel/EndlessParallax.html,tags,graphic,,"playful, bold, 3d, expressive, innovative, interactive, dynamic, edgy, fun, futuristic, flowless, unconventional, attention-grabbing","playful, bold, 3d, expressive, innovative, interactive, dynamic, edgy, fun, futuristic, flowless, unconventional, attention-grabbing, graphic"
2026-08-30T13:00:55,16,Endless Parallax,Gallery-and-Carousel/EndlessParallax.html,approved,,,,2026-08-30T13:00:55
2026-08-30T13:05:07,2,expand horzinotal scroll,Gallery-and-Carousel/ExpandingHorizontalScroll.html,tags,graphic,,"fluid, cool, impactful, bold, attention-grabbing, dynamic, edgy, sophisticated, high-end, playful, horizontal movement","fluid, cool, impactful, bold, attention-grabbing, dynamic, edgy, sophisticated, high-end, playful, horizontal movement, graphic"
2026-08-30T13:05:14,2,expand horzinotal scroll,Gallery-and-Carousel/ExpandingHorizontalScroll.html,tags,immersive,,"fluid, cool, impactful, bold, attention-grabbing, dynamic, edgy, sophisticated, high-end, playful, horizontal movement, graphic","fluid, cool, impactful, bold, attention-grabbing, dynamic, edgy, sophisticated, high-end, playful, horizontal movement, graphic, immersive"
2026-08-30T13:05:22,2,expand horzinotal scroll,Gallery-and-Carousel/ExpandingHorizontalScroll.html,approved,,,,2026-08-30T13:05:22
2026-08-30T13:05:46,31,FadeInGallery,Gallery-and-Carousel/FadeInGallery.html,tags,classic,,"immersive, zoom, smooth, revealing, continuous, interactive, impactful, seamless, endless, alive, polished, transformative","immersive, zoom, smooth, revealing, continuous, interactive, impactful, seamless, endless, alive, polished, transformative, classic"
2026-08-30T13:05:50,31,FadeInGallery,Gallery-and-Carousel/FadeInGallery.html,approved,,,,2026-08-30T13:05:50
2026-08-30T13:06:09,32,FerrisWheel,Gallery-and-Carousel/FerrisWheel.html,tags,clean,,"circular, endless, continuous, gradual, flowing, seamless, spiraling, playful, smooth, effortless, structured, organized","circular, endless, continuous, gradual, flowing, seamless, spiraling, playful, smooth, effortless, structured, organized, clean"
2026-08-30T13:06:14,32,FerrisWheel,Gallery-and-Carousel/FerrisWheel.html,approved,,,,2026-08-30T13:06:14
2026-08-30T13:06:37,33,HorizontalCarouselPerspective,Gallery-and-Carousel/HorizontalCarouselPerspective.html,tags,,effortless,"depth, 3d, dimensional, spatial, perspective, layered, horizontal, gradual, flowing, continuous, effortless, clean, elegant","depth, 3d, dimensional, spatial, perspective, layered, horizontal, gradual, flowing, continuous, clean, elegant"
2026-08-30T13:06:41,33,HorizontalCarouselPerspective,Gallery-and-Carousel/HorizontalCarouselPerspective.html,tags,high-end,,"depth, 3d, dimensional, spatial, perspective, layered, horizontal, gradual, flowing, continuous, clean, elegant","depth, 3d, dimensional, spatial, perspective, layered, horizontal, gradual, flowing, continuous, clean, elegant, high-end"
2026-08-30T13:06:43,33,HorizontalCarouselPerspective,Gallery-and-Carousel/HorizontalCarouselPerspective.html,tags,modern,,"depth, 3d, dimensional, spatial, perspective, layered, horizontal, gradual, flowing, continuous, clean, elegant, high-end","depth, 3d, dimensional, spatial, perspective, layered, horizontal, gradual, flowing, continuous, clean, elegant, high-end, modern"
2026-08-30T13:06:48,33,HorizontalCarouselPerspective,Gallery-and-Carousel/HorizontalCarouselPerspective.html,tags,calm,,"depth, 3d, dimensional, spatial, perspective, layered, horizontal, gradual, flowing, continuous, clean, elegant, high-end, modern","depth, 3d, dimensional, spatial, perspective, layered, horizontal, gradual, flowing, continuous, clean, elegant, high-end, modern, calm"
2026-08-30T13:06:50,33,HorizontalCarouselPerspective,Gallery-and-Carousel/HorizontalCarouselPerspective.html,approved,,,,2026-08-30T13:06:50
2026-08-30T13:07:15,17,horziontally scrolling image gallery,Gallery-and-Carousel/HorizontallyScrollingGallery.html,tags,dynamic,,"horizontal, organic, playful, fun, smooth, groovy, shape, zoom, interactive, modern, innovative, bold, edgy, sophisticated","horizontal, organic, playful, fun, smooth, groovy, shape, zoom, interactive, modern, innovative, bold, edgy, sophisticated, dynamic"
2026-08-30T13:07:17,17,horziontally scrolling image gallery,Gallery-and-Carousel/HorizontallyScrollingGallery.html,tags,futuristic,,"horizontal, organic, playful, fun, smooth, groovy, shape, zoom, interactive, modern, innovative, bold, edgy, sophisticated, dynamic","horizontal, organic, playful, fun, smooth, groovy, shape, zoom, interactive, modern, innovative, bold, edgy, sophisticated, dynamic, futuristic"
2026-08-30T13:07:23,17,horziontally scrolling image gallery,Gallery-and-Carousel/HorizontallyScrollingGallery.html,approved,,,,2026-08-30T13:07:23
2026-08-30T13:07:32,34,Interactive_ Rotating_Gallery_Grid,Gallery-and-Carousel/Interactive_ Rotating_Gallery_Grid.html,tags,immersive,,"interactive, alive, depth, dimensional, spatial, perspective, layered, smooth, polished, structured, organized, staggered, playful","interactive, alive, depth, dimensional, spatial, perspective, layered, smooth, polished, structured, organized, staggered, playful, immersive"
2026-08-30T13:07:44,34,Interactive_ Rotating_Gallery_Grid,Gallery-and-Carousel/Interactive_ Rotating_Gallery_Grid.html,approved,,,,2026-08-30T13:07:44
2026-08-30T13:07:53,21,Looped tabs with perspective,Gallery-and-Carousel/LoopedTabsWithPerspective.html,tags,refined,,"smooth, flowing, clean, organized, structured, elegant, soft","smooth, flowing, clean, organized, structured, elegant, soft, refined"
2026-08-30T13:07:56,21,Looped tabs with perspective,Gallery-and-Carousel/LoopedTabsWithPerspective.html,tags,understated,,"smooth, flowing, clean, organized, structured, elegant, soft, refined","smooth, flowing, clean, organized, structured, elegant, soft, refined, understated"
2026-08-30T13:07:57,21,Looped tabs with perspective,Gallery-and-Carousel/LoopedTabsWithPerspective.html,tags,gentle,,"smooth, flowing, clean, organized, structured, elegant, soft, refined, understated","smooth, flowing, clean, organized, structured, elegant, soft, refined, understated, gentle"
2026-08-30T13:08:01,21,Looped tabs with perspective,Gallery-and-Carousel/LoopedTabsWithPerspective.html,tags,classic,,"smooth, flowing, clean, organized, structured, elegant, soft, refined, understated, gentle","smooth, flowing, clean, organized, structured, elegant, soft, refined, understated, gentle, classic"
2026-08-30T13:08:07,21,Looped tabs with perspective,Gallery-and-Carousel/LoopedTabsWithPerspective.html,tags,effortless,,"smooth, flowing, clean, organized, structured, elegant, soft, refined, understated, gentle, classic","smooth, flowing, clean, organized, structured, elegant, soft, refined, understated, gentle, classic, effortless"
2026-08-30T13:08:08,21,Looped tabs with perspective,Gallery-and-Carousel/LoopedTabsWithPerspective.html,approved,,,,2026-08-30T13:08:08
2026-08-30T13:08:41,35,Looping_Sphere_Gallery,Gallery-and-Carousel/Looping_Sphere_Gallery.html,tags,bold,,"immersive, depth, 3d, dimensional, spatial, zoom, endless, continuous, futuristic, techy, edgy, alive","immersive, depth, 3d, dimensional, spatial, zoom, endless, continuous, futuristic, techy, edgy, alive, bold"
2026-08-30T13:08:42,35,Looping_Sphere_Gallery,Gallery-and-Carousel/Looping_Sphere_Gallery.html,tags,graphic,,"immersive, depth, 3d, dimensional, spatial, zoom, endless, continuous, futuristic, techy, edgy, alive, bold","immersive, depth, 3d, dimensional, spatial, zoom, endless, continuous, futuristic, techy, edgy, alive, bold, graphic"
2026-08-30T13:08:42,35,Looping_Sphere_Gallery,Gallery-and-Carousel/Looping_Sphere_Gallery.html,tags,layered,,"immersive, depth, 3d, dimensional, spatial, zoom, endless, continuous, futuristic, techy, edgy, alive, bold, graphic","immersive, depth, 3d, dimensional, spatial, zoom, endless, continuous, futuristic, techy, edgy, alive, bold, graphic, layered"
2026-08-30T13:08:43,35,Looping_Sphere_Gallery,Gallery-and-Carousel/Looping_Sphere_Gallery.html,tags,dynamic,,"immersive, depth, 3d, dimensional, spatial, zoom, endless, continuous, futuristic, techy, edgy, alive, bold, graphic, layered","immersive, depth, 3d, dimensional, spatial, zoom, endless, continuous, futuristic, techy, edgy, alive, bold, graphic, layered, dynamic"
2026-08-30T13:08:49,35,Looping_Sphere_Gallery,Gallery-and-Carousel/Looping_Sphere_Gallery.html,tags,experimental,,"immersive, depth, 3d, dimensional, spatial, zoom, endless, continuous, futuristic, techy, edgy, alive, bold, graphic, layered, dynamic","immersive, depth, 3d, dimensional, spatial, zoom, endless, continuous, futuristic, techy, edgy, alive, bold, graphic, layered, dynamic, experimental"
2026-08-30T13:08:51,35,Looping_Sphere_Gallery,Gallery-and-Carousel/Looping_Sphere_Gallery.html,approved,,,,2026-08-30T13:08:51
2026-08-30T13:08:57,36,MantaRay,Gallery-and-Carousel/MantaRay.html,tags,modern,,"organic, staggered, endless, continuous, flowing, horizontal, gentle, smooth, playful, alive, interactive, zoom, seamless","organic, staggered, endless, continuous, flowing, horizontal, gentle, smooth, playful, alive, interactive, zoom, seamless, modern"
2026-08-30T13:08:58,36,MantaRay,Gallery-and-Carousel/MantaRay.html,tags,poppy,,"organic, staggered, endless, continuous, flowing, horizontal, gentle, smooth, playful, alive, interactive, zoom, seamless, modern","organic, staggered, endless, continuous, flowing, horizontal, gentle, smooth, playful, alive, interactive, zoom, seamless, modern, poppy"
2026-08-30T13:08:58,36,MantaRay,Gallery-and-Carousel/MantaRay.html,tags,fun,,"organic, staggered, endless, continuous, flowing, horizontal, gentle, smooth, playful, alive, interactive, zoom, seamless, modern, poppy","organic, staggered, endless, continuous, flowing, horizontal, gentle, smooth, playful, alive, interactive, zoom, seamless, modern, poppy, fun"
2026-08-30T13:08:59,36,MantaRay,Gallery-and-Carousel/MantaRay.html,tags,surprising,,"organic, staggered, endless, continuous, flowing, horizontal, gentle, smooth, playful, alive, interactive, zoom, seamless, modern, poppy, fun","organic, staggered, endless, continuous, flowing, horizontal, gentle, smooth, playful, alive, interactive, zoom, seamless, modern, poppy, fun, surprising"
2026-08-30T13:09:00,36,MantaRay,Gallery-and-Carousel/MantaRay.html,tags,edgy,,"organic, staggered, endless, continuous, flowing, horizontal, gentle, smooth, playful, alive, interactive, zoom, seamless, modern, poppy, fun, surprising","organic, staggered, endless, continuous, flowing, horizontal, gentle, smooth, playful, alive, interactive, zoom, seamless, modern, poppy, fun, surprising, edgy"
2026-08-30T13:09:15,36,MantaRay,Gallery-and-Carousel/MantaRay.html,approved,,,,2026-08-30T13:09:15
2026-08-30T13:09:36,37,Mirror_Hover_Galery,Gallery-and-Carousel/Mirror_Hover_Galery.html,approved,,,,2026-08-30T13:09:36
2026-08-30T13:10:01,38,Mouse track infinite gallery,Gallery-and-Carousel/Mouse track infinite gallery.html,tags,graceful,,"endless, continuous, flowing, fluid, immersive, effortless, smooth, organic, revealing, interactive, alive, minimal, clean","endless, continuous, flowing, fluid, immersive, effortless, smooth, organic, revealing, interactive, alive, minimal, clean, graceful"
2026-08-30T13:10:05,38,Mouse track infinite gallery,Gallery-and-Carousel/Mouse track infinite gallery.html,tags,horizontal,,"endless, continuous, flowing, fluid, immersive, effortless, smooth, organic, revealing, interactive, alive, minimal, clean, graceful","endless, continuous, flowing, fluid, immersive, effortless, smooth, organic, revealing, interactive, alive, minimal, clean, graceful, horizontal"
2026-08-30T13:10:07,38,Mouse track infinite gallery,Gallery-and-Carousel/Mouse track infinite gallery.html,approved,,,,2026-08-30T13:10:07
2026-08-30T13:10:35,39,Paragraph_Reaveal,Gallery-and-Carousel/Paragraph_Reaveal.html,tags,unique,,"elegant, refined, gradual, revealing, soft, clean, minimal, sophisticated, graceful, flowing, continuous, effortless, staggered","elegant, refined, gradual, revealing, soft, clean, minimal, sophisticated, graceful, flowing, continuous, effortless, staggered, unique"
2026-08-30T13:10:36,39,Paragraph_Reaveal,Gallery-and-Carousel/Paragraph_Reaveal.html,tags,high-end,,"elegant, refined, gradual, revealing, soft, clean, minimal, sophisticated, graceful, flowing, continuous, effortless, staggered, unique","elegant, refined, gradual, revealing, soft, clean, minimal, sophisticated, graceful, flowing, continuous, effortless, staggered, unique, high-end"
2026-08-30T13:10:38,39,Paragraph_Reaveal,Gallery-and-Carousel/Paragraph_Reaveal.html,tags,smooth,,"elegant, refined, gradual, revealing, soft, clean, minimal, sophisticated, graceful, flowing, continuous, effortless, staggered, unique, high-end","elegant, refined, gradual, revealing, soft, clean, minimal, sophisticated, graceful, flowing, continuous, effortless, staggered, unique, high-end, smooth"
2026-08-30T13:10:39,39,Paragraph_Reaveal,Gallery-and-Carousel/Paragraph_Reaveal.html,tags,subtle,,"elegant, refined, gradual, revealing, soft, clean, minimal, sophisticated, graceful, flowing, continuous, effortless, staggered, unique, high-end, smooth","elegant, refined, gradual, revealing, soft, clean, minimal, sophisticated, graceful, flowing, continuous, effortless, staggered, unique, high-end, smooth, subtle"
2026-08-30T13:10:42,39,Paragraph_Reaveal,Gallery-and-Carousel/Paragraph_Reaveal.html,tags,silky,,"elegant, refined, gradual, revealing, soft, clean, minimal, sophisticated, graceful, flowing, continuous, effortless, staggered, unique, high-end, smooth, subtle","elegant, refined, gradual, revealing, soft, clean, minimal, sophisticated, graceful, flowing, continuous, effortless, staggered, unique, high-end, smooth, subtle, silky"
2026-08-30T13:10:56,39,Paragraph_Reaveal,Gallery-and-Carousel/Paragraph_Reaveal.html,tags,edgy,,"elegant, refined, gradual, revealing, soft, clean, minimal, sophisticated, graceful, flowing, continuous, effortless, staggered, unique, high-end, smooth, subtle, silky","elegant, refined, gradual, revealing, soft, clean, minimal, sophisticated, graceful, flowing, continuous, effortless, staggered, unique, high-end, smooth, subtle, silky, edgy"
2026-08-30T13:11:11,39,Paragraph_Reaveal,Gallery-and-Carousel/Paragraph_Reaveal.html,tags,,flowing,"elegant, refined, gradual, revealing, soft, clean, minimal, sophisticated, graceful, flowing, continuous, effortless, staggered, unique, high-end, smooth, subtle, silky, edgy","elegant, refined, gradual, revealing, soft, clean, minimal, sophisticated, graceful, continuous, effortless, staggered, unique, high-end, smooth, subtle, silky, edgy"
2026-08-30T13:11:22,39,Paragraph_Reaveal,Gallery-and-Carousel/Paragraph_Reaveal.html,tags,,continuous,"elegant, refined, gradual, revealing, soft, clean, minimal, sophisticated, graceful, continuous, effortless, staggered, unique, high-end, smooth, subtle, silky, edgy","elegant, refined, gradual, revealing, soft, clean, minimal, sophisticated, graceful, effortless, staggered, unique, high-end, smooth, subtle, silky, edgy"
2026-08-30T13:11:26,39,Paragraph_Reaveal,Gallery-and-Carousel/Paragraph_Reaveal.html,approved,,,,2026-08-30T13:11:26
2026-08-30T13:11:41,40,Scroll_3D_Animation,Gallery-and-Carousel/Scroll_3D_Animation.html,tags,,spatial,"depth, 3d, dimensional, spatial, perspective, layered, horizontal, gradual, flowing, continuous, smooth, subtle, effortless","depth, 3d, dimensional, perspective, layered, horizontal, gradual, flowing, continuous, smooth, subtle, effortless"
2026-08-30T13:11:53,40,Scroll_3D_Animation,Gallery-and-Carousel/Scroll_3D_Animation.html,approved,,,,2026-08-30T13:11:53
2026-08-30T13:12:04,8,Shape scroll,Gallery-and-Carousel/ShapeScroll.html,tags,effortless,,"playful, bold, graphic, expressive, surprising, energetic, dynamic, interactive, fun, poppy, flowing","playful, bold, graphic, expressive, surprising, energetic, dynamic, interactive, fun, poppy, flowing, effortless"
2026-08-30T13:12:09,8,Shape scroll,Gallery-and-Carousel/ShapeScroll.html,tags,,playful,"playful, bold, graphic, expressive, surprising, energetic, dynamic, interactive, fun, poppy, flowing, effortless","bold, graphic, expressive, surprising, energetic, dynamic, interactive, fun, poppy, flowing, effortless"
2026-08-30T13:12:42,8,Shape scroll,Gallery-and-Carousel/ShapeScroll.html,approved,,,,2026-08-30T13:12:42
2026-08-30T13:13:45,44,WindowScroll,Gallery-and-Carousel/WindowScroll.html,tags,,spatial,"3d, depth, dimensional, spatial, perspective, layered, gradual, continuous, flowing, immersive, bold, poppy, impactful","3d, depth, dimensional, perspective, layered, gradual, continuous, flowing, immersive, bold, poppy, impactful"
2026-08-30T13:13:46,44,WindowScroll,Gallery-and-Carousel/WindowScroll.html,tags,,perspective,"3d, depth, dimensional, perspective, layered, gradual, continuous, flowing, immersive, bold, poppy, impactful","3d, depth, dimensional, layered, gradual, continuous, flowing, immersive, bold, poppy, impactful"
2026-08-30T13:13:53,44,WindowScroll,Gallery-and-Carousel/WindowScroll.html,approved,,,,2026-08-30T13:13:53
2026-08-30T13:14:17,19,Wheel Carousel,Gallery-and-Carousel/WheelCarousel.html,approved,,,,2026-08-30T13:14:17
2026-08-30T13:14:22,15,Vertical/ horizontal lanes,Gallery-and-Carousel/HorizontalLanes.html,approved,,,,2026-08-30T13:14:22
2026-08-30T13:14:30,3,sticky repeater stack,Gallery-and-Carousel/StickyRepeaterStack.html,approved,,,,2026-08-30T13:14:30
2026-08-30T13:14:38,5,title folds scroll animation,Gallery-and-Carousel/TitleFoldsScrollAnimation.html,approved,,,,2026-08-30T13:14:38
2026-08-30T13:14:46,11,Small carousel,Gallery-and-Carousel/SmallCarousel.html,approved,,,,2026-08-30T13:14:46
2026-08-30T13:14:56,41,SnakeAnimation,Gallery-and-Carousel/SnakeAnimation.html,tags,,playful,"alive, zoom, revealing, transformative, smooth, gentle, playful, dynamic, organic, staggered, immersive, impactful","alive, zoom, revealing, transformative, smooth, gentle, dynamic, organic, staggered, immersive, impactful"
2026-08-30T13:15:02,41,SnakeAnimation,Gallery-and-Carousel/SnakeAnimation.html,tags,surprising,,"alive, zoom, revealing, transformative, smooth, gentle, dynamic, organic, staggered, immersive, impactful","alive, zoom, revealing, transformative, smooth, gentle, dynamic, organic, staggered, immersive, impactful, surprising"
2026-08-30T13:15:19,41,SnakeAnimation,Gallery-and-Carousel/SnakeAnimation.html,tags,unique,,"alive, zoom, revealing, transformative, smooth, gentle, dynamic, organic, staggered, immersive, impactful, surprising","alive, zoom, revealing, transformative, smooth, gentle, dynamic, organic, staggered, immersive, impactful, surprising, unique"
2026-08-30T13:15:22,41,SnakeAnimation,Gallery-and-Carousel/SnakeAnimation.html,tags,charming,,"alive, zoom, revealing, transformative, smooth, gentle, dynamic, organic, staggered, immersive, impactful, surprising, unique","alive, zoom, revealing, transformative, smooth, gentle, dynamic, organic, staggered, immersive, impactful, surprising, unique, charming"
2026-08-30T13:15:24,41,SnakeAnimation,Gallery-and-Carousel/SnakeAnimation.html,tags,calm,,"alive, zoom, revealing, transformative, smooth, gentle, dynamic, organic, staggered, immersive, impactful, surprising, unique, charming","alive, zoom, revealing, transformative, smooth, gentle, dynamic, organic, staggered, immersive, impactful, surprising, unique, charming, calm"
2026-08-30T13:15:26,41,SnakeAnimation,Gallery-and-Carousel/SnakeAnimation.html,approved,,,,2026-08-30T13:15:26
2026-08-30T13:15:40,42,SpecimenCardGallery,Gallery-and-Carousel/SpecimenCardGallery.html,tags,,3d,"elegant, refined, smooth, polished, depth, 3d, dimensional, perspective, revealing, layered, silky, horizontal, minimal","elegant, refined, smooth, polished, depth, dimensional, perspective, revealing, layered, silky, horizontal, minimal"
2026-08-30T13:15:45,42,SpecimenCardGallery,Gallery-and-Carousel/SpecimenCardGallery.html,tags,,perspective,"elegant, refined, smooth, polished, depth, dimensional, perspective, revealing, layered, silky, horizontal, minimal","elegant, refined, smooth, polished, depth, dimensional, revealing, layered, silky, horizontal, minimal"
2026-08-30T13:15:51,42,SpecimenCardGallery,Gallery-and-Carousel/SpecimenCardGallery.html,tags,calm,,"elegant, refined, smooth, polished, depth, dimensional, revealing, layered, silky, horizontal, minimal","elegant, refined, smooth, polished, depth, dimensional, revealing, layered, silky, horizontal, minimal, calm"
2026-08-30T13:15:52,42,SpecimenCardGallery,Gallery-and-Carousel/SpecimenCardGallery.html,tags,gradual,,"elegant, refined, smooth, polished, depth, dimensional, revealing, layered, silky, horizontal, minimal, calm","elegant, refined, smooth, polished, depth, dimensional, revealing, layered, silky, horizontal, minimal, calm, gradual"
2026-08-30T13:15:53,42,SpecimenCardGallery,Gallery-and-Carousel/SpecimenCardGallery.html,tags,classic,,"elegant, refined, smooth, polished, depth, dimensional, revealing, layered, silky, horizontal, minimal, calm, gradual","elegant, refined, smooth, polished, depth, dimensional, revealing, layered, silky, horizontal, minimal, calm, gradual, classic"
2026-08-30T13:15:55,42,SpecimenCardGallery,Gallery-and-Carousel/SpecimenCardGallery.html,approved,,,,2026-08-30T13:15:55
2026-08-30T13:18:26,43,Vertical3Dcards,Gallery-and-Carousel/Vertical3Dcards.html,tags,confident,,"dynamic, bold, smooth, playful, 3d, depth, dimensional, perspective, vertical, revealing, layered, graphic","dynamic, bold, smooth, playful, 3d, depth, dimensional, perspective, vertical, revealing, layered, graphic, confident"
2026-08-30T13:18:28,43,Vertical3Dcards,Gallery-and-Carousel/Vertical3Dcards.html,tags,futuristic,,"dynamic, bold, smooth, playful, 3d, depth, dimensional, perspective, vertical, revealing, layered, graphic, confident","dynamic, bold, smooth, playful, 3d, depth, dimensional, perspective, vertical, revealing, layered, graphic, confident, futuristic"
2026-08-30T13:18:29,43,Vertical3Dcards,Gallery-and-Carousel/Vertical3Dcards.html,tags,attention-grabbing,,"dynamic, bold, smooth, playful, 3d, depth, dimensional, perspective, vertical, revealing, layered, graphic, confident, futuristic","dynamic, bold, smooth, playful, 3d, depth, dimensional, perspective, vertical, revealing, layered, graphic, confident, futuristic, attention-grabbing"
2026-08-30T13:18:39,43,Vertical3Dcards,Gallery-and-Carousel/Vertical3Dcards.html,approved,,,,2026-08-30T13:18:39
2026-08-30T13:18:52,45,blow-masthead-header,Headers/blow-masthead-header.html,tags,,revealing,"elegant, classic, sophisticated, high-end, refined, minimal, graphic, gradual, continuous, effortless, transformative, revealing, vertical","elegant, classic, sophisticated, high-end, refined, minimal, graphic, gradual, continuous, effortless, transformative, vertical"
2026-08-30T13:18:55,45,blow-masthead-header,Headers/blow-masthead-header.html,tags,,vertical,"elegant, classic, sophisticated, high-end, refined, minimal, graphic, gradual, continuous, effortless, transformative, vertical","elegant, classic, sophisticated, high-end, refined, minimal, graphic, gradual, continuous, effortless, transformative"
2026-08-30T13:18:57,45,blow-masthead-header,Headers/blow-masthead-header.html,approved,,,,2026-08-30T13:18:57
2026-08-30T13:19:14,46,capezzani-wordmark-header,Headers/capezzani-wordmark-header.html,tags,,vertical,"subtle, understated, elegant, classic, refined, minimal, clean, sophisticated, gradual, continuous, effortless, transformative, vertical","subtle, understated, elegant, classic, refined, minimal, clean, sophisticated, gradual, continuous, effortless, transformative"
2026-08-30T13:19:17,46,capezzani-wordmark-header,Headers/capezzani-wordmark-header.html,approved,,,,2026-08-30T13:19:17
2026-08-30T13:21:10,47,collapsing-logo-header,Headers/collapsing-logo-header.html,tags,,interactive,"polished, refined, smooth, interactive, clean, minimal, playful, alive, poppy, silky, effortless, transformative, horizontal","polished, refined, smooth, clean, minimal, playful, alive, poppy, silky, effortless, transformative, horizontal"
2026-08-30T13:21:13,47,collapsing-logo-header,Headers/collapsing-logo-header.html,tags,,playful,"polished, refined, smooth, clean, minimal, playful, alive, poppy, silky, effortless, transformative, horizontal","polished, refined, smooth, clean, minimal, alive, poppy, silky, effortless, transformative, horizontal"
2026-08-30T13:21:16,47,collapsing-logo-header,Headers/collapsing-logo-header.html,tags,,alive,"polished, refined, smooth, clean, minimal, alive, poppy, silky, effortless, transformative, horizontal","polished, refined, smooth, clean, minimal, poppy, silky, effortless, transformative, horizontal"
2026-08-30T13:21:21,47,collapsing-logo-header,Headers/collapsing-logo-header.html,tags,,silky,"polished, refined, smooth, clean, minimal, poppy, silky, effortless, transformative, horizontal","polished, refined, smooth, clean, minimal, poppy, effortless, transformative, horizontal"
2026-08-30T13:21:27,47,collapsing-logo-header,Headers/collapsing-logo-header.html,tags,silky,,"polished, refined, smooth, clean, minimal, poppy, effortless, transformative, horizontal","polished, refined, smooth, clean, minimal, poppy, effortless, transformative, horizontal, silky"
2026-08-30T13:21:30,47,collapsing-logo-header,Headers/collapsing-logo-header.html,tags,subtle,,"polished, refined, smooth, clean, minimal, poppy, effortless, transformative, horizontal, silky","polished, refined, smooth, clean, minimal, poppy, effortless, transformative, horizontal, silky, subtle"
2026-08-30T13:21:32,47,collapsing-logo-header,Headers/collapsing-logo-header.html,tags,organic,,"polished, refined, smooth, clean, minimal, poppy, effortless, transformative, horizontal, silky, subtle","polished, refined, smooth, clean, minimal, poppy, effortless, transformative, horizontal, silky, subtle, organic"
2026-08-30T13:21:33,47,collapsing-logo-header,Headers/collapsing-logo-header.html,tags,elegant,,"polished, refined, smooth, clean, minimal, poppy, effortless, transformative, horizontal, silky, subtle, organic","polished, refined, smooth, clean, minimal, poppy, effortless, transformative, horizontal, silky, subtle, organic, elegant"
2026-08-30T13:21:34,47,collapsing-logo-header,Headers/collapsing-logo-header.html,approved,,,,2026-08-30T13:21:34
2026-08-30T13:21:56,49,scroll-side-reveal-header,Headers/scroll-side-reveal-header.html,tags,modern,,"clean, minimal, subtle, understated, refined, elegant, smooth, seamless, gradual, revealing, transformative, horizontal","clean, minimal, subtle, understated, refined, elegant, smooth, seamless, gradual, revealing, transformative, horizontal, modern"
2026-08-30T13:21:58,49,scroll-side-reveal-header,Headers/scroll-side-reveal-header.html,approved,,,,2026-08-30T13:21:58
2026-08-30T13:22:17,50,spectrum-collapse-header,Headers/spectrum-collapse-header.html,approved,,,,2026-08-30T13:22:17
2026-08-30T13:22:29,51,visionaire-logo-header,Headers/visionaire-logo-header.html,tags,subtle,,"smooth, polished, refined, clean, minimal, playful, poppy, energetic, revealing, transformative, circular, zoom, horizontal","smooth, polished, refined, clean, minimal, playful, poppy, energetic, revealing, transformative, circular, zoom, horizontal, subtle"
2026-08-30T13:22:31,51,visionaire-logo-header,Headers/visionaire-logo-header.html,tags,organic,,"smooth, polished, refined, clean, minimal, playful, poppy, energetic, revealing, transformative, circular, zoom, horizontal, subtle","smooth, polished, refined, clean, minimal, playful, poppy, energetic, revealing, transformative, circular, zoom, horizontal, subtle, organic"
2026-08-30T13:22:35,51,visionaire-logo-header,Headers/visionaire-logo-header.html,tags,elegant,,"smooth, polished, refined, clean, minimal, playful, poppy, energetic, revealing, transformative, circular, zoom, horizontal, subtle, organic","smooth, polished, refined, clean, minimal, playful, poppy, energetic, revealing, transformative, circular, zoom, horizontal, subtle, organic, elegant"
2026-08-30T13:22:36,51,visionaire-logo-header,Headers/visionaire-logo-header.html,approved,,,,2026-08-30T13:22:36
2026-08-30T13:22:51,52,wordmark-handoff-header,Headers/wordmark-handoff-header.html,tags,gentle,,"clean, minimal, understated, refined, subtle, elegant, polished, smooth, gradual, structured, organized, transformative","clean, minimal, understated, refined, subtle, elegant, polished, smooth, gradual, structured, organized, transformative, gentle"
2026-08-30T13:22:52,52,wordmark-handoff-header,Headers/wordmark-handoff-header.html,tags,soft,,"clean, minimal, understated, refined, subtle, elegant, polished, smooth, gradual, structured, organized, transformative, gentle","clean, minimal, understated, refined, subtle, elegant, polished, smooth, gradual, structured, organized, transformative, gentle, soft"
2026-08-30T13:22:54,52,wordmark-handoff-header,Headers/wordmark-handoff-header.html,tags,calm,,"clean, minimal, understated, refined, subtle, elegant, polished, smooth, gradual, structured, organized, transformative, gentle, soft","clean, minimal, understated, refined, subtle, elegant, polished, smooth, gradual, structured, organized, transformative, gentle, soft, calm"
2026-08-30T13:22:56,52,wordmark-handoff-header,Headers/wordmark-handoff-header.html,tags,high-end,,"clean, minimal, understated, refined, subtle, elegant, polished, smooth, gradual, structured, organized, transformative, gentle, soft, calm","clean, minimal, understated, refined, subtle, elegant, polished, smooth, gradual, structured, organized, transformative, gentle, soft, calm, high-end"
2026-08-30T13:22:57,52,wordmark-handoff-header,Headers/wordmark-handoff-header.html,approved,,,,2026-08-30T13:22:57
2026-08-30T13:32:35,134,dropdown,interact-UI-elements/dropdown.html,tags,,playful,"clean, smooth, polished, interactive, minimal, refined, cool, silky, alive, playful, vertical, revealing, zoom","clean, smooth, polished, interactive, minimal, refined, cool, silky, alive, vertical, revealing, zoom"
2026-08-30T13:32:39,134,dropdown,interact-UI-elements/dropdown.html,tags,,zoom,"clean, smooth, polished, interactive, minimal, refined, cool, silky, alive, vertical, revealing, zoom","clean, smooth, polished, interactive, minimal, refined, cool, silky, alive, vertical, revealing"
2026-08-30T13:32:42,134,dropdown,interact-UI-elements/dropdown.html,tags,elegant,,"clean, smooth, polished, interactive, minimal, refined, cool, silky, alive, vertical, revealing","clean, smooth, polished, interactive, minimal, refined, cool, silky, alive, vertical, revealing, elegant"
2026-08-30T13:32:47,134,dropdown,interact-UI-elements/dropdown.html,tags,effortless,,"clean, smooth, polished, interactive, minimal, refined, cool, silky, alive, vertical, revealing, elegant","clean, smooth, polished, interactive, minimal, refined, cool, silky, alive, vertical, revealing, elegant, effortless"
2026-08-30T13:32:49,134,dropdown,interact-UI-elements/dropdown.html,tags,charming,,"clean, smooth, polished, interactive, minimal, refined, cool, silky, alive, vertical, revealing, elegant, effortless","clean, smooth, polished, interactive, minimal, refined, cool, silky, alive, vertical, revealing, elegant, effortless, charming"
2026-08-30T13:32:50,134,dropdown,interact-UI-elements/dropdown.html,approved,,,,2026-08-30T13:32:50
2026-08-30T13:33:52,135,label,interact-UI-elements/label.html,tags,elegant,,"clean, minimal, structured, interactive, organized, subtle, smooth, polished, refined, alive, calm, zoom, shape","clean, minimal, structured, interactive, organized, subtle, smooth, polished, refined, alive, calm, zoom, shape, elegant"
2026-08-30T13:33:53,135,label,interact-UI-elements/label.html,tags,gentle,,"clean, minimal, structured, interactive, organized, subtle, smooth, polished, refined, alive, calm, zoom, shape, elegant","clean, minimal, structured, interactive, organized, subtle, smooth, polished, refined, alive, calm, zoom, shape, elegant, gentle"
2026-08-30T13:33:54,135,label,interact-UI-elements/label.html,tags,soft,,"clean, minimal, structured, interactive, organized, subtle, smooth, polished, refined, alive, calm, zoom, shape, elegant, gentle","clean, minimal, structured, interactive, organized, subtle, smooth, polished, refined, alive, calm, zoom, shape, elegant, gentle, soft"
2026-08-30T13:33:55,135,label,interact-UI-elements/label.html,tags,classic,,"clean, minimal, structured, interactive, organized, subtle, smooth, polished, refined, alive, calm, zoom, shape, elegant, gentle, soft","clean, minimal, structured, interactive, organized, subtle, smooth, polished, refined, alive, calm, zoom, shape, elegant, gentle, soft, classic"
2026-08-30T13:33:56,135,label,interact-UI-elements/label.html,approved,,,,2026-08-30T13:33:56
2026-08-30T13:34:14,136,lock-toggle,interact-UI-elements/lock-toggle.html,tags,innovative,,"playful, charming, smooth, interactive, polished, alive, fun, clean, minimal, expressive, horizontal, vertical, transformative","playful, charming, smooth, interactive, polished, alive, fun, clean, minimal, expressive, horizontal, vertical, transformative, innovative"
2026-08-30T13:34:16,136,lock-toggle,interact-UI-elements/lock-toggle.html,tags,groovy,,"playful, charming, smooth, interactive, polished, alive, fun, clean, minimal, expressive, horizontal, vertical, transformative, innovative","playful, charming, smooth, interactive, polished, alive, fun, clean, minimal, expressive, horizontal, vertical, transformative, innovative, groovy"
2026-08-30T13:34:19,136,lock-toggle,interact-UI-elements/lock-toggle.html,tags,energetic,,"playful, charming, smooth, interactive, polished, alive, fun, clean, minimal, expressive, horizontal, vertical, transformative, innovative, groovy","playful, charming, smooth, interactive, polished, alive, fun, clean, minimal, expressive, horizontal, vertical, transformative, innovative, groovy, energetic"
2026-08-30T13:34:21,136,lock-toggle,interact-UI-elements/lock-toggle.html,approved,,,,2026-08-30T13:34:21
2026-08-30T13:34:30,137,menu,interact-UI-elements/menu.html,tags,expressive,,"edgy, techy, futuristic, interactive, bold, dynamic, cool, unique, alive, circular, spiraling, endless, transformative","edgy, techy, futuristic, interactive, bold, dynamic, cool, unique, alive, circular, spiraling, endless, transformative, expressive"
2026-08-30T13:34:31,137,menu,interact-UI-elements/menu.html,tags,playful,,"edgy, techy, futuristic, interactive, bold, dynamic, cool, unique, alive, circular, spiraling, endless, transformative, expressive","edgy, techy, futuristic, interactive, bold, dynamic, cool, unique, alive, circular, spiraling, endless, transformative, expressive, playful"
2026-08-30T13:34:33,137,menu,interact-UI-elements/menu.html,tags,graphic,,"edgy, techy, futuristic, interactive, bold, dynamic, cool, unique, alive, circular, spiraling, endless, transformative, expressive, playful","edgy, techy, futuristic, interactive, bold, dynamic, cool, unique, alive, circular, spiraling, endless, transformative, expressive, playful, graphic"
2026-08-30T13:34:34,137,menu,interact-UI-elements/menu.html,tags,impactful,,"edgy, techy, futuristic, interactive, bold, dynamic, cool, unique, alive, circular, spiraling, endless, transformative, expressive, playful, graphic","edgy, techy, futuristic, interactive, bold, dynamic, cool, unique, alive, circular, spiraling, endless, transformative, expressive, playful, graphic, impactful"
2026-08-30T13:34:35,137,menu,interact-UI-elements/menu.html,tags,surprising,,"edgy, techy, futuristic, interactive, bold, dynamic, cool, unique, alive, circular, spiraling, endless, transformative, expressive, playful, graphic, impactful","edgy, techy, futuristic, interactive, bold, dynamic, cool, unique, alive, circular, spiraling, endless, transformative, expressive, playful, graphic, impactful, surprising"
2026-08-30T13:34:36,137,menu,interact-UI-elements/menu.html,tags,fun,,"edgy, techy, futuristic, interactive, bold, dynamic, cool, unique, alive, circular, spiraling, endless, transformative, expressive, playful, graphic, impactful, surprising","edgy, techy, futuristic, interactive, bold, dynamic, cool, unique, alive, circular, spiraling, endless, transformative, expressive, playful, graphic, impactful, surprising, fun"
2026-08-30T13:34:37,137,menu,interact-UI-elements/menu.html,tags,attention-grabbing,,"edgy, techy, futuristic, interactive, bold, dynamic, cool, unique, alive, circular, spiraling, endless, transformative, expressive, playful, graphic, impactful, surprising, fun","edgy, techy, futuristic, interactive, bold, dynamic, cool, unique, alive, circular, spiraling, endless, transformative, expressive, playful, graphic, impactful, surprising, fun, attention-grabbing"
2026-08-30T13:34:39,137,menu,interact-UI-elements/menu.html,tags,creative,,"edgy, techy, futuristic, interactive, bold, dynamic, cool, unique, alive, circular, spiraling, endless, transformative, expressive, playful, graphic, impactful, surprising, fun, attention-grabbing","edgy, techy, futuristic, interactive, bold, dynamic, cool, unique, alive, circular, spiraling, endless, transformative, expressive, playful, graphic, impactful, surprising, fun, attention-grabbing, creative"
2026-08-30T13:34:40,137,menu,interact-UI-elements/menu.html,tags,experimental,,"edgy, techy, futuristic, interactive, bold, dynamic, cool, unique, alive, circular, spiraling, endless, transformative, expressive, playful, graphic, impactful, surprising, fun, attention-grabbing, creative","edgy, techy, futuristic, interactive, bold, dynamic, cool, unique, alive, circular, spiraling, endless, transformative, expressive, playful, graphic, impactful, surprising, fun, attention-grabbing, creative, experimental"
2026-08-30T13:34:42,137,menu,interact-UI-elements/menu.html,tags,poppy,,"edgy, techy, futuristic, interactive, bold, dynamic, cool, unique, alive, circular, spiraling, endless, transformative, expressive, playful, graphic, impactful, surprising, fun, attention-grabbing, creative, experimental","edgy, techy, futuristic, interactive, bold, dynamic, cool, unique, alive, circular, spiraling, endless, transformative, expressive, playful, graphic, impactful, surprising, fun, attention-grabbing, creative, experimental, poppy"
2026-08-30T13:34:43,137,menu,interact-UI-elements/menu.html,approved,,,,2026-08-30T13:34:43
2026-08-30T13:34:54,139,password-input,interact-UI-elements/password-input.html,tags,expressive,,"playful, charming, surprising, interactive, fun, alive, poppy, clean, minimal, techy, cool, zoom, revealing","playful, charming, surprising, interactive, fun, alive, poppy, clean, minimal, techy, cool, zoom, revealing, expressive"
2026-08-30T13:34:57,139,password-input,interact-UI-elements/password-input.html,tags,unique,,"playful, charming, surprising, interactive, fun, alive, poppy, clean, minimal, techy, cool, zoom, revealing, expressive","playful, charming, surprising, interactive, fun, alive, poppy, clean, minimal, techy, cool, zoom, revealing, expressive, unique"
2026-08-30T13:35:00,139,password-input,interact-UI-elements/password-input.html,tags,dynamic,,"playful, charming, surprising, interactive, fun, alive, poppy, clean, minimal, techy, cool, zoom, revealing, expressive, unique","playful, charming, surprising, interactive, fun, alive, poppy, clean, minimal, techy, cool, zoom, revealing, expressive, unique, dynamic"
2026-08-30T13:35:03,139,password-input,interact-UI-elements/password-input.html,tags,,zoom,"playful, charming, surprising, interactive, fun, alive, poppy, clean, minimal, techy, cool, zoom, revealing, expressive, unique, dynamic","playful, charming, surprising, interactive, fun, alive, poppy, clean, minimal, techy, cool, revealing, expressive, unique, dynamic"
2026-08-30T13:35:08,139,password-input,interact-UI-elements/password-input.html,tags,,techy,"playful, charming, surprising, interactive, fun, alive, poppy, clean, minimal, techy, cool, revealing, expressive, unique, dynamic","playful, charming, surprising, interactive, fun, alive, poppy, clean, minimal, cool, revealing, expressive, unique, dynamic"
2026-08-30T13:35:10,139,password-input,interact-UI-elements/password-input.html,tags,,poppy,"playful, charming, surprising, interactive, fun, alive, poppy, clean, minimal, cool, revealing, expressive, unique, dynamic","playful, charming, surprising, interactive, fun, alive, clean, minimal, cool, revealing, expressive, unique, dynamic"
2026-08-30T13:35:12,139,password-input,interact-UI-elements/password-input.html,approved,,,,2026-08-30T13:35:12
2026-08-30T13:35:30,138,on-off-toggle,interact-UI-elements/on-off-toggle.html,tags,modern,,"smooth, polished, clean, interactive, minimal, playful, charming, alive, subtle, refined, horizontal, circular, transformative","smooth, polished, clean, interactive, minimal, playful, charming, alive, subtle, refined, horizontal, circular, transformative, modern"
2026-08-30T13:35:31,138,on-off-toggle,interact-UI-elements/on-off-toggle.html,tags,elegant,,"smooth, polished, clean, interactive, minimal, playful, charming, alive, subtle, refined, horizontal, circular, transformative, modern","smooth, polished, clean, interactive, minimal, playful, charming, alive, subtle, refined, horizontal, circular, transformative, modern, elegant"
2026-08-30T13:35:32,138,on-off-toggle,interact-UI-elements/on-off-toggle.html,tags,fun,,"smooth, polished, clean, interactive, minimal, playful, charming, alive, subtle, refined, horizontal, circular, transformative, modern, elegant","smooth, polished, clean, interactive, minimal, playful, charming, alive, subtle, refined, horizontal, circular, transformative, modern, elegant, fun"
2026-08-30T13:35:34,138,on-off-toggle,interact-UI-elements/on-off-toggle.html,tags,soft,,"smooth, polished, clean, interactive, minimal, playful, charming, alive, subtle, refined, horizontal, circular, transformative, modern, elegant, fun","smooth, polished, clean, interactive, minimal, playful, charming, alive, subtle, refined, horizontal, circular, transformative, modern, elegant, fun, soft"
2026-08-30T13:35:36,138,on-off-toggle,interact-UI-elements/on-off-toggle.html,tags,silky,,"smooth, polished, clean, interactive, minimal, playful, charming, alive, subtle, refined, horizontal, circular, transformative, modern, elegant, fun, soft","smooth, polished, clean, interactive, minimal, playful, charming, alive, subtle, refined, horizontal, circular, transformative, modern, elegant, fun, soft, silky"
2026-08-30T13:35:37,138,on-off-toggle,interact-UI-elements/on-off-toggle.html,tags,gentle,,"smooth, polished, clean, interactive, minimal, playful, charming, alive, subtle, refined, horizontal, circular, transformative, modern, elegant, fun, soft, silky","smooth, polished, clean, interactive, minimal, playful, charming, alive, subtle, refined, horizontal, circular, transformative, modern, elegant, fun, soft, silky, gentle"
2026-08-30T13:35:38,138,on-off-toggle,interact-UI-elements/on-off-toggle.html,approved,,,,2026-08-30T13:35:38
2026-08-30T13:35:50,140,radio-buttons,interact-UI-elements/radio-buttons.html,tags,,poppy,"poppy, playful, smooth, interactive, polished, clean, minimal, organized, structured, alive, fun, zoom, circular","playful, smooth, interactive, polished, clean, minimal, organized, structured, alive, fun, zoom, circular"
2026-08-30T13:36:06,140,radio-buttons,interact-UI-elements/radio-buttons.html,tags,charming,,"playful, smooth, interactive, polished, clean, minimal, organized, structured, alive, fun, zoom, circular","playful, smooth, interactive, polished, clean, minimal, organized, structured, alive, fun, zoom, circular, charming"
2026-08-30T13:36:07,140,radio-buttons,interact-UI-elements/radio-buttons.html,tags,energetic,,"playful, smooth, interactive, polished, clean, minimal, organized, structured, alive, fun, zoom, circular, charming","playful, smooth, interactive, polished, clean, minimal, organized, structured, alive, fun, zoom, circular, charming, energetic"
2026-08-30T13:36:08,140,radio-buttons,interact-UI-elements/radio-buttons.html,tags,modern,,"playful, smooth, interactive, polished, clean, minimal, organized, structured, alive, fun, zoom, circular, charming, energetic","playful, smooth, interactive, polished, clean, minimal, organized, structured, alive, fun, zoom, circular, charming, energetic, modern"
2026-08-30T13:36:11,140,radio-buttons,interact-UI-elements/radio-buttons.html,tags,groovy,,"playful, smooth, interactive, polished, clean, minimal, organized, structured, alive, fun, zoom, circular, charming, energetic, modern","playful, smooth, interactive, polished, clean, minimal, organized, structured, alive, fun, zoom, circular, charming, energetic, modern, groovy"
2026-08-30T13:36:12,140,radio-buttons,interact-UI-elements/radio-buttons.html,approved,,,,2026-08-30T13:36:12
2026-08-30T13:43:07,142,search-input,interact-UI-elements/search-input.html,tags,,playful,"smooth, polished, silky, effortless, refined, minimal, clean, techy, playful, alive, interactive, horizontal, staggered","smooth, polished, silky, effortless, refined, minimal, clean, techy, alive, interactive, horizontal, staggered"
2026-08-30T13:43:11,142,search-input,interact-UI-elements/search-input.html,tags,,horizontal,"smooth, polished, silky, effortless, refined, minimal, clean, techy, alive, interactive, horizontal, staggered","smooth, polished, silky, effortless, refined, minimal, clean, techy, alive, interactive, staggered"
2026-08-30T13:43:13,142,search-input,interact-UI-elements/search-input.html,tags,,staggered,"smooth, polished, silky, effortless, refined, minimal, clean, techy, alive, interactive, staggered","smooth, polished, silky, effortless, refined, minimal, clean, techy, alive, interactive"
2026-08-30T13:43:14,142,search-input,interact-UI-elements/search-input.html,tags,seamless,,"smooth, polished, silky, effortless, refined, minimal, clean, techy, alive, interactive","smooth, polished, silky, effortless, refined, minimal, clean, techy, alive, interactive, seamless"
2026-08-30T13:43:15,142,search-input,interact-UI-elements/search-input.html,tags,elegant,,"smooth, polished, silky, effortless, refined, minimal, clean, techy, alive, interactive, seamless","smooth, polished, silky, effortless, refined, minimal, clean, techy, alive, interactive, seamless, elegant"
2026-08-30T13:43:18,142,search-input,interact-UI-elements/search-input.html,tags,modern,,"smooth, polished, silky, effortless, refined, minimal, clean, techy, alive, interactive, seamless, elegant","smooth, polished, silky, effortless, refined, minimal, clean, techy, alive, interactive, seamless, elegant, modern"
2026-08-30T13:43:20,142,search-input,interact-UI-elements/search-input.html,tags,organic,,"smooth, polished, silky, effortless, refined, minimal, clean, techy, alive, interactive, seamless, elegant, modern","smooth, polished, silky, effortless, refined, minimal, clean, techy, alive, interactive, seamless, elegant, modern, organic"
2026-08-30T13:43:21,142,search-input,interact-UI-elements/search-input.html,tags,understated,,"smooth, polished, silky, effortless, refined, minimal, clean, techy, alive, interactive, seamless, elegant, modern, organic","smooth, polished, silky, effortless, refined, minimal, clean, techy, alive, interactive, seamless, elegant, modern, organic, understated"
2026-08-30T13:43:23,142,search-input,interact-UI-elements/search-input.html,approved,,,,2026-08-30T13:43:23
2026-08-30T13:43:40,141,search-input-light,interact-UI-elements/search-input-light.html,approved,,,,2026-08-30T13:43:40
2026-08-30T13:43:53,144,smiley-nav,interact-UI-elements/smiley-nav.html,approved,,,,2026-08-30T13:43:53
2026-08-30T13:43:54,144,smiley-nav,interact-UI-elements/smiley-nav.html,tags,elegant,,"refined, minimal, clean, techy, sophisticated, smooth, polished, effortless, interactive, alive, structured, organized, staggered","refined, minimal, clean, techy, sophisticated, smooth, polished, effortless, interactive, alive, structured, organized, staggered, elegant"
2026-08-30T13:44:01,143,smiley-nav-light,interact-UI-elements/smiley-nav-light.html,tags,elegant,,"clean, minimal, refined, understated, organized, structured, smooth, polished, effortless, interactive, alive, staggered, horizontal","clean, minimal, refined, understated, organized, structured, smooth, polished, effortless, interactive, alive, staggered, horizontal, elegant"
2026-08-30T13:44:02,143,smiley-nav-light,interact-UI-elements/smiley-nav-light.html,tags,subtle,,"clean, minimal, refined, understated, organized, structured, smooth, polished, effortless, interactive, alive, staggered, horizontal, elegant","clean, minimal, refined, understated, organized, structured, smooth, polished, effortless, interactive, alive, staggered, horizontal, elegant, subtle"
2026-08-30T13:44:06,143,smiley-nav-light,interact-UI-elements/smiley-nav-light.html,approved,,,,2026-08-30T13:44:06
2026-08-30T13:44:41,145,social-bar,interact-UI-elements/social-bar.html,tags,,circular,"refined, minimal, elegant, techy, playful, charming, smooth, polished, interactive, alive, circular, horizontal, revealing","refined, minimal, elegant, techy, playful, charming, smooth, polished, interactive, alive, horizontal, revealing"
2026-08-30T13:44:42,145,social-bar,interact-UI-elements/social-bar.html,tags,clean,,"refined, minimal, elegant, techy, playful, charming, smooth, polished, interactive, alive, horizontal, revealing","refined, minimal, elegant, techy, playful, charming, smooth, polished, interactive, alive, horizontal, revealing, clean"
2026-08-30T13:44:44,145,social-bar,interact-UI-elements/social-bar.html,tags,fun,,"refined, minimal, elegant, techy, playful, charming, smooth, polished, interactive, alive, horizontal, revealing, clean","refined, minimal, elegant, techy, playful, charming, smooth, polished, interactive, alive, horizontal, revealing, clean, fun"
2026-08-30T13:44:50,145,social-bar,interact-UI-elements/social-bar.html,tags,modern,,"refined, minimal, elegant, techy, playful, charming, smooth, polished, interactive, alive, horizontal, revealing, clean, fun","refined, minimal, elegant, techy, playful, charming, smooth, polished, interactive, alive, horizontal, revealing, clean, fun, modern"
2026-08-30T13:44:51,145,social-bar,interact-UI-elements/social-bar.html,approved,,,,2026-08-30T13:44:51
2026-08-30T13:45:49,81,Parting_List,Lists/Parting_List.html,tags,bold,,"edgy, techy, graphic, unique, creative, cool, structured, horizontal, revealing, zoom, gradual, continuous, artistic, futuristic, dynamic","edgy, techy, graphic, unique, creative, cool, structured, horizontal, revealing, zoom, gradual, continuous, artistic, futuristic, dynamic, bold"
2026-08-30T13:45:50,81,Parting_List,Lists/Parting_List.html,tags,experimental,,"edgy, techy, graphic, unique, creative, cool, structured, horizontal, revealing, zoom, gradual, continuous, artistic, futuristic, dynamic, bold","edgy, techy, graphic, unique, creative, cool, structured, horizontal, revealing, zoom, gradual, continuous, artistic, futuristic, dynamic, bold, experimental"
2026-08-30T13:45:52,81,Parting_List,Lists/Parting_List.html,tags,surprising,,"edgy, techy, graphic, unique, creative, cool, structured, horizontal, revealing, zoom, gradual, continuous, artistic, futuristic, dynamic, bold, experimental","edgy, techy, graphic, unique, creative, cool, structured, horizontal, revealing, zoom, gradual, continuous, artistic, futuristic, dynamic, bold, experimental, surprising"
2026-08-30T13:45:53,81,Parting_List,Lists/Parting_List.html,tags,impactful,,"edgy, techy, graphic, unique, creative, cool, structured, horizontal, revealing, zoom, gradual, continuous, artistic, futuristic, dynamic, bold, experimental, surprising","edgy, techy, graphic, unique, creative, cool, structured, horizontal, revealing, zoom, gradual, continuous, artistic, futuristic, dynamic, bold, experimental, surprising, impactful"
2026-08-30T13:45:54,81,Parting_List,Lists/Parting_List.html,tags,expressive,,"edgy, techy, graphic, unique, creative, cool, structured, horizontal, revealing, zoom, gradual, continuous, artistic, futuristic, dynamic, bold, experimental, surprising, impactful","edgy, techy, graphic, unique, creative, cool, structured, horizontal, revealing, zoom, gradual, continuous, artistic, futuristic, dynamic, bold, experimental, surprising, impactful, expressive"
2026-08-30T13:45:55,81,Parting_List,Lists/Parting_List.html,tags,attention-grabbing,,"edgy, techy, graphic, unique, creative, cool, structured, horizontal, revealing, zoom, gradual, continuous, artistic, futuristic, dynamic, bold, experimental, surprising, impactful, expressive","edgy, techy, graphic, unique, creative, cool, structured, horizontal, revealing, zoom, gradual, continuous, artistic, futuristic, dynamic, bold, experimental, surprising, impactful, expressive, attention-grabbing"
2026-08-30T13:45:59,81,Parting_List,Lists/Parting_List.html,approved,,,,2026-08-30T13:45:59
2026-08-30T13:46:11,82,Product_Stroll_List,Lists/Product_Stroll_List.html,tags,,minimal,"smooth, polished, clean, refined, elegant, sophisticated, minimal, structured, staggered, revealing, transformative, zoom, impactful, high-end, gradual","smooth, polished, clean, refined, elegant, sophisticated, structured, staggered, revealing, transformative, zoom, impactful, high-end, gradual"
2026-08-30T13:46:21,82,Product_Stroll_List,Lists/Product_Stroll_List.html,tags,unique,,"smooth, polished, clean, refined, elegant, sophisticated, structured, staggered, revealing, transformative, zoom, impactful, high-end, gradual","smooth, polished, clean, refined, elegant, sophisticated, structured, staggered, revealing, transformative, zoom, impactful, high-end, gradual, unique"
2026-08-30T13:46:23,82,Product_Stroll_List,Lists/Product_Stroll_List.html,tags,bold,,"smooth, polished, clean, refined, elegant, sophisticated, structured, staggered, revealing, transformative, zoom, impactful, high-end, gradual, unique","smooth, polished, clean, refined, elegant, sophisticated, structured, staggered, revealing, transformative, zoom, impactful, high-end, gradual, unique, bold"
2026-08-30T13:46:24,82,Product_Stroll_List,Lists/Product_Stroll_List.html,tags,effortless,,"smooth, polished, clean, refined, elegant, sophisticated, structured, staggered, revealing, transformative, zoom, impactful, high-end, gradual, unique, bold","smooth, polished, clean, refined, elegant, sophisticated, structured, staggered, revealing, transformative, zoom, impactful, high-end, gradual, unique, bold, effortless"
2026-08-30T13:46:27,82,Product_Stroll_List,Lists/Product_Stroll_List.html,tags,,effortless,"smooth, polished, clean, refined, elegant, sophisticated, structured, staggered, revealing, transformative, zoom, impactful, high-end, gradual, unique, bold, effortless","smooth, polished, clean, refined, elegant, sophisticated, structured, staggered, revealing, transformative, zoom, impactful, high-end, gradual, unique, bold"
2026-08-30T13:46:30,82,Product_Stroll_List,Lists/Product_Stroll_List.html,tags,creative,,"smooth, polished, clean, refined, elegant, sophisticated, structured, staggered, revealing, transformative, zoom, impactful, high-end, gradual, unique, bold","smooth, polished, clean, refined, elegant, sophisticated, structured, staggered, revealing, transformative, zoom, impactful, high-end, gradual, unique, bold, creative"
2026-08-30T13:46:39,82,Product_Stroll_List,Lists/Product_Stroll_List.html,tags,luxurious,,"smooth, polished, clean, refined, elegant, sophisticated, structured, staggered, revealing, transformative, zoom, impactful, high-end, gradual, unique, bold, creative","smooth, polished, clean, refined, elegant, sophisticated, structured, staggered, revealing, transformative, zoom, impactful, high-end, gradual, unique, bold, creative, luxurious"
2026-08-30T13:46:41,82,Product_Stroll_List,Lists/Product_Stroll_List.html,approved,,,,2026-08-30T13:46:41
2026-08-30T13:46:49,82,Product_Stroll_List,Lists/Product_Stroll_List.html,tags,eye catching,,"smooth, polished, clean, refined, elegant, sophisticated, structured, staggered, revealing, transformative, zoom, impactful, high-end, gradual, unique, bold, creative, luxurious","smooth, polished, clean, refined, elegant, sophisticated, structured, staggered, revealing, transformative, zoom, impactful, high-end, gradual, unique, bold, creative, luxurious, eye catching"
2026-08-30T13:46:59,59,auto-shape-cycle,Image_Background/auto-shape-cycle.html,tags,soft,,"elegant, refined, clean, sophisticated, organic, shape, smooth, continuous, endless, seamless, gradual, calm, minimal","elegant, refined, clean, sophisticated, organic, shape, smooth, continuous, endless, seamless, gradual, calm, minimal, soft"
2026-08-30T13:47:00,59,auto-shape-cycle,Image_Background/auto-shape-cycle.html,tags,gentle,,"elegant, refined, clean, sophisticated, organic, shape, smooth, continuous, endless, seamless, gradual, calm, minimal, soft","elegant, refined, clean, sophisticated, organic, shape, smooth, continuous, endless, seamless, gradual, calm, minimal, soft, gentle"
2026-08-30T13:47:01,59,auto-shape-cycle,Image_Background/auto-shape-cycle.html,tags,cloudy,,"elegant, refined, clean, sophisticated, organic, shape, smooth, continuous, endless, seamless, gradual, calm, minimal, soft, gentle","elegant, refined, clean, sophisticated, organic, shape, smooth, continuous, endless, seamless, gradual, calm, minimal, soft, gentle, cloudy"
2026-08-30T13:47:05,59,auto-shape-cycle,Image_Background/auto-shape-cycle.html,tags,transformative,,"elegant, refined, clean, sophisticated, organic, shape, smooth, continuous, endless, seamless, gradual, calm, minimal, soft, gentle, cloudy","elegant, refined, clean, sophisticated, organic, shape, smooth, continuous, endless, seamless, gradual, calm, minimal, soft, gentle, cloudy, transformative"
2026-08-30T13:47:06,59,auto-shape-cycle,Image_Background/auto-shape-cycle.html,tags,graceful,,"elegant, refined, clean, sophisticated, organic, shape, smooth, continuous, endless, seamless, gradual, calm, minimal, soft, gentle, cloudy, transformative","elegant, refined, clean, sophisticated, organic, shape, smooth, continuous, endless, seamless, gradual, calm, minimal, soft, gentle, cloudy, transformative, graceful"
2026-08-30T13:47:07,59,auto-shape-cycle,Image_Background/auto-shape-cycle.html,tags,modern,,"elegant, refined, clean, sophisticated, organic, shape, smooth, continuous, endless, seamless, gradual, calm, minimal, soft, gentle, cloudy, transformative, graceful","elegant, refined, clean, sophisticated, organic, shape, smooth, continuous, endless, seamless, gradual, calm, minimal, soft, gentle, cloudy, transformative, graceful, modern"
2026-08-30T13:47:16,59,auto-shape-cycle,Image_Background/auto-shape-cycle.html,approved,,,,2026-08-30T13:47:16
2026-08-30T13:47:35,84,Word_Cloud_List,Lists/Word_Cloud_List.html,tags,,subtle,"alive, organic, playful, interactive, soft, subtle, minimal, understated, elegant, clean, smooth, zoom, creative","alive, organic, playful, interactive, soft, minimal, understated, elegant, clean, smooth, zoom, creative"
2026-08-30T13:47:39,84,Word_Cloud_List,Lists/Word_Cloud_List.html,tags,,minimal,"alive, organic, playful, interactive, soft, minimal, understated, elegant, clean, smooth, zoom, creative","alive, organic, playful, interactive, soft, understated, elegant, clean, smooth, zoom, creative"
2026-08-30T13:47:42,84,Word_Cloud_List,Lists/Word_Cloud_List.html,tags,refined,,"alive, organic, playful, interactive, soft, understated, elegant, clean, smooth, zoom, creative","alive, organic, playful, interactive, soft, understated, elegant, clean, smooth, zoom, creative, refined"
2026-08-30T13:47:44,84,Word_Cloud_List,Lists/Word_Cloud_List.html,tags,modern,,"alive, organic, playful, interactive, soft, understated, elegant, clean, smooth, zoom, creative, refined","alive, organic, playful, interactive, soft, understated, elegant, clean, smooth, zoom, creative, refined, modern"
2026-08-30T13:47:46,84,Word_Cloud_List,Lists/Word_Cloud_List.html,tags,graceful,,"alive, organic, playful, interactive, soft, understated, elegant, clean, smooth, zoom, creative, refined, modern","alive, organic, playful, interactive, soft, understated, elegant, clean, smooth, zoom, creative, refined, modern, graceful"
2026-08-30T13:47:47,84,Word_Cloud_List,Lists/Word_Cloud_List.html,tags,silky,,"alive, organic, playful, interactive, soft, understated, elegant, clean, smooth, zoom, creative, refined, modern, graceful","alive, organic, playful, interactive, soft, understated, elegant, clean, smooth, zoom, creative, refined, modern, graceful, silky"
2026-08-30T13:47:48,84,Word_Cloud_List,Lists/Word_Cloud_List.html,tags,shape,,"alive, organic, playful, interactive, soft, understated, elegant, clean, smooth, zoom, creative, refined, modern, graceful, silky","alive, organic, playful, interactive, soft, understated, elegant, clean, smooth, zoom, creative, refined, modern, graceful, silky, shape"
2026-08-30T13:47:50,84,Word_Cloud_List,Lists/Word_Cloud_List.html,tags,high-end,,"alive, organic, playful, interactive, soft, understated, elegant, clean, smooth, zoom, creative, refined, modern, graceful, silky, shape","alive, organic, playful, interactive, soft, understated, elegant, clean, smooth, zoom, creative, refined, modern, graceful, silky, shape, high-end"
2026-08-30T13:47:51,84,Word_Cloud_List,Lists/Word_Cloud_List.html,approved,,,,2026-08-30T13:47:51
2026-08-30T13:48:08,83,Split_Screen_Scroll,Lists/Split_Screen_Scroll.html,tags,immersive,,"bold, impactful, dynamic, edgy, graphic, attention-grabbing, cool, depth, 3d, dimensional, perspective, revealing, staggered","bold, impactful, dynamic, edgy, graphic, attention-grabbing, cool, depth, 3d, dimensional, perspective, revealing, staggered, immersive"
2026-08-30T13:48:09,83,Split_Screen_Scroll,Lists/Split_Screen_Scroll.html,tags,layered,,"bold, impactful, dynamic, edgy, graphic, attention-grabbing, cool, depth, 3d, dimensional, perspective, revealing, staggered, immersive","bold, impactful, dynamic, edgy, graphic, attention-grabbing, cool, depth, 3d, dimensional, perspective, revealing, staggered, immersive, layered"
2026-08-30T13:48:10,83,Split_Screen_Scroll,Lists/Split_Screen_Scroll.html,tags,futuristic,,"bold, impactful, dynamic, edgy, graphic, attention-grabbing, cool, depth, 3d, dimensional, perspective, revealing, staggered, immersive, layered","bold, impactful, dynamic, edgy, graphic, attention-grabbing, cool, depth, 3d, dimensional, perspective, revealing, staggered, immersive, layered, futuristic"
2026-08-30T13:48:11,83,Split_Screen_Scroll,Lists/Split_Screen_Scroll.html,tags,confident,,"bold, impactful, dynamic, edgy, graphic, attention-grabbing, cool, depth, 3d, dimensional, perspective, revealing, staggered, immersive, layered, futuristic","bold, impactful, dynamic, edgy, graphic, attention-grabbing, cool, depth, 3d, dimensional, perspective, revealing, staggered, immersive, layered, futuristic, confident"
2026-08-30T13:48:13,83,Split_Screen_Scroll,Lists/Split_Screen_Scroll.html,tags,artistic,,"bold, impactful, dynamic, edgy, graphic, attention-grabbing, cool, depth, 3d, dimensional, perspective, revealing, staggered, immersive, layered, futuristic, confident","bold, impactful, dynamic, edgy, graphic, attention-grabbing, cool, depth, 3d, dimensional, perspective, revealing, staggered, immersive, layered, futuristic, confident, artistic"
2026-08-30T13:48:15,83,Split_Screen_Scroll,Lists/Split_Screen_Scroll.html,tags,techy,,"bold, impactful, dynamic, edgy, graphic, attention-grabbing, cool, depth, 3d, dimensional, perspective, revealing, staggered, immersive, layered, futuristic, confident, artistic","bold, impactful, dynamic, edgy, graphic, attention-grabbing, cool, depth, 3d, dimensional, perspective, revealing, staggered, immersive, layered, futuristic, confident, artistic, techy"
2026-08-30T13:48:16,83,Split_Screen_Scroll,Lists/Split_Screen_Scroll.html,approved,,,,2026-08-30T13:48:16
2026-08-30T13:48:45,77,Horizontal_parting_list,Lists/Horizontal_parting_list.html,tags,,zoom,"edgy, techy, graphic, interactive, unique, creative, cool, horizontal, flowing, continuous, gradual, revealing, zoom","edgy, techy, graphic, interactive, unique, creative, cool, horizontal, flowing, continuous, gradual, revealing"
2026-08-30T13:48:46,77,Horizontal_parting_list,Lists/Horizontal_parting_list.html,tags,bold,,"edgy, techy, graphic, interactive, unique, creative, cool, horizontal, flowing, continuous, gradual, revealing","edgy, techy, graphic, interactive, unique, creative, cool, horizontal, flowing, continuous, gradual, revealing, bold"
2026-08-30T13:48:47,77,Horizontal_parting_list,Lists/Horizontal_parting_list.html,tags,experimental,,"edgy, techy, graphic, interactive, unique, creative, cool, horizontal, flowing, continuous, gradual, revealing, bold","edgy, techy, graphic, interactive, unique, creative, cool, horizontal, flowing, continuous, gradual, revealing, bold, experimental"
2026-08-30T13:48:47,77,Horizontal_parting_list,Lists/Horizontal_parting_list.html,tags,futuristic,,"edgy, techy, graphic, interactive, unique, creative, cool, horizontal, flowing, continuous, gradual, revealing, bold, experimental","edgy, techy, graphic, interactive, unique, creative, cool, horizontal, flowing, continuous, gradual, revealing, bold, experimental, futuristic"
2026-08-30T13:48:48,77,Horizontal_parting_list,Lists/Horizontal_parting_list.html,tags,dynamic,,"edgy, techy, graphic, interactive, unique, creative, cool, horizontal, flowing, continuous, gradual, revealing, bold, experimental, futuristic","edgy, techy, graphic, interactive, unique, creative, cool, horizontal, flowing, continuous, gradual, revealing, bold, experimental, futuristic, dynamic"
2026-08-30T13:48:49,77,Horizontal_parting_list,Lists/Horizontal_parting_list.html,tags,surprising,,"edgy, techy, graphic, interactive, unique, creative, cool, horizontal, flowing, continuous, gradual, revealing, bold, experimental, futuristic, dynamic","edgy, techy, graphic, interactive, unique, creative, cool, horizontal, flowing, continuous, gradual, revealing, bold, experimental, futuristic, dynamic, surprising"
2026-08-30T13:48:52,77,Horizontal_parting_list,Lists/Horizontal_parting_list.html,tags,playful,,"edgy, techy, graphic, interactive, unique, creative, cool, horizontal, flowing, continuous, gradual, revealing, bold, experimental, futuristic, dynamic, surprising","edgy, techy, graphic, interactive, unique, creative, cool, horizontal, flowing, continuous, gradual, revealing, bold, experimental, futuristic, dynamic, surprising, playful"
2026-08-30T13:48:53,77,Horizontal_parting_list,Lists/Horizontal_parting_list.html,tags,artistic,,"edgy, techy, graphic, interactive, unique, creative, cool, horizontal, flowing, continuous, gradual, revealing, bold, experimental, futuristic, dynamic, surprising, playful","edgy, techy, graphic, interactive, unique, creative, cool, horizontal, flowing, continuous, gradual, revealing, bold, experimental, futuristic, dynamic, surprising, playful, artistic"
2026-08-30T13:48:54,77,Horizontal_parting_list,Lists/Horizontal_parting_list.html,approved,,,,2026-08-30T13:48:54
2026-08-30T13:49:04,80,MouseTrack_Parting_List,Lists/MouseTrack_Parting_List.html,tags,fun,,"playful, alive, unique, interactive, creative, cool, techy, graphic, surprising, revealing, horizontal, vertical, effortless","playful, alive, unique, interactive, creative, cool, techy, graphic, surprising, revealing, horizontal, vertical, effortless, fun"
2026-08-30T13:49:05,80,MouseTrack_Parting_List,Lists/MouseTrack_Parting_List.html,tags,bold,,"playful, alive, unique, interactive, creative, cool, techy, graphic, surprising, revealing, horizontal, vertical, effortless, fun","playful, alive, unique, interactive, creative, cool, techy, graphic, surprising, revealing, horizontal, vertical, effortless, fun, bold"
2026-08-30T13:49:06,80,MouseTrack_Parting_List,Lists/MouseTrack_Parting_List.html,tags,poppy,,"playful, alive, unique, interactive, creative, cool, techy, graphic, surprising, revealing, horizontal, vertical, effortless, fun, bold","playful, alive, unique, interactive, creative, cool, techy, graphic, surprising, revealing, horizontal, vertical, effortless, fun, bold, poppy"
2026-08-30T13:49:07,80,MouseTrack_Parting_List,Lists/MouseTrack_Parting_List.html,tags,expressive,,"playful, alive, unique, interactive, creative, cool, techy, graphic, surprising, revealing, horizontal, vertical, effortless, fun, bold, poppy","playful, alive, unique, interactive, creative, cool, techy, graphic, surprising, revealing, horizontal, vertical, effortless, fun, bold, poppy, expressive"
2026-08-30T13:49:07,80,MouseTrack_Parting_List,Lists/MouseTrack_Parting_List.html,tags,edgy,,"playful, alive, unique, interactive, creative, cool, techy, graphic, surprising, revealing, horizontal, vertical, effortless, fun, bold, poppy, expressive","playful, alive, unique, interactive, creative, cool, techy, graphic, surprising, revealing, horizontal, vertical, effortless, fun, bold, poppy, expressive, edgy"
2026-08-30T13:49:08,80,MouseTrack_Parting_List,Lists/MouseTrack_Parting_List.html,tags,dynamic,,"playful, alive, unique, interactive, creative, cool, techy, graphic, surprising, revealing, horizontal, vertical, effortless, fun, bold, poppy, expressive, edgy","playful, alive, unique, interactive, creative, cool, techy, graphic, surprising, revealing, horizontal, vertical, effortless, fun, bold, poppy, expressive, edgy, dynamic"
2026-08-30T13:49:09,80,MouseTrack_Parting_List,Lists/MouseTrack_Parting_List.html,tags,experimental,,"playful, alive, unique, interactive, creative, cool, techy, graphic, surprising, revealing, horizontal, vertical, effortless, fun, bold, poppy, expressive, edgy, dynamic","playful, alive, unique, interactive, creative, cool, techy, graphic, surprising, revealing, horizontal, vertical, effortless, fun, bold, poppy, expressive, edgy, dynamic, experimental"
2026-08-30T13:49:10,80,MouseTrack_Parting_List,Lists/MouseTrack_Parting_List.html,tags,futuristic,,"playful, alive, unique, interactive, creative, cool, techy, graphic, surprising, revealing, horizontal, vertical, effortless, fun, bold, poppy, expressive, edgy, dynamic, experimental","playful, alive, unique, interactive, creative, cool, techy, graphic, surprising, revealing, horizontal, vertical, effortless, fun, bold, poppy, expressive, edgy, dynamic, experimental, futuristic"
2026-08-30T13:49:13,80,MouseTrack_Parting_List,Lists/MouseTrack_Parting_List.html,approved,,,,2026-08-30T13:49:13
2026-08-30T13:49:41,146,BG_Color_Invert,text_Image/BG_Color_Invert.html,tags,smooth,,"gradual, flowing, continuous, effortless, clean, elegant, minimal, refined, understated, layered, vertical, revealing, staggered","gradual, flowing, continuous, effortless, clean, elegant, minimal, refined, understated, layered, vertical, revealing, staggered, smooth"
2026-08-30T13:49:43,146,BG_Color_Invert,text_Image/BG_Color_Invert.html,tags,silky,,"gradual, flowing, continuous, effortless, clean, elegant, minimal, refined, understated, layered, vertical, revealing, staggered, smooth","gradual, flowing, continuous, effortless, clean, elegant, minimal, refined, understated, layered, vertical, revealing, staggered, smooth, silky"
2026-08-30T13:49:44,146,BG_Color_Invert,text_Image/BG_Color_Invert.html,tags,high-end,,"gradual, flowing, continuous, effortless, clean, elegant, minimal, refined, understated, layered, vertical, revealing, staggered, smooth, silky","gradual, flowing, continuous, effortless, clean, elegant, minimal, refined, understated, layered, vertical, revealing, staggered, smooth, silky, high-end"
2026-08-30T13:49:45,146,BG_Color_Invert,text_Image/BG_Color_Invert.html,approved,,,,2026-08-30T13:49:45
2026-08-30T13:50:59,75,Column_Shutters,Lists/Column_Shutters.html,tags,techy,,"clean, structured, organized, interactive, bold, graphic, polished, smooth, refined, staggered, cascading, horizontal, alive","clean, structured, organized, interactive, bold, graphic, polished, smooth, refined, staggered, cascading, horizontal, alive, techy"
2026-08-30T13:51:00,75,Column_Shutters,Lists/Column_Shutters.html,tags,elegant,,"clean, structured, organized, interactive, bold, graphic, polished, smooth, refined, staggered, cascading, horizontal, alive, techy","clean, structured, organized, interactive, bold, graphic, polished, smooth, refined, staggered, cascading, horizontal, alive, techy, elegant"
2026-08-30T13:51:01,75,Column_Shutters,Lists/Column_Shutters.html,tags,poppy,,"clean, structured, organized, interactive, bold, graphic, polished, smooth, refined, staggered, cascading, horizontal, alive, techy, elegant","clean, structured, organized, interactive, bold, graphic, polished, smooth, refined, staggered, cascading, horizontal, alive, techy, elegant, poppy"
2026-08-30T13:51:03,75,Column_Shutters,Lists/Column_Shutters.html,tags,futuristic,,"clean, structured, organized, interactive, bold, graphic, polished, smooth, refined, staggered, cascading, horizontal, alive, techy, elegant, poppy","clean, structured, organized, interactive, bold, graphic, polished, smooth, refined, staggered, cascading, horizontal, alive, techy, elegant, poppy, futuristic"
2026-08-30T13:51:04,75,Column_Shutters,Lists/Column_Shutters.html,tags,cool,,"clean, structured, organized, interactive, bold, graphic, polished, smooth, refined, staggered, cascading, horizontal, alive, techy, elegant, poppy, futuristic","clean, structured, organized, interactive, bold, graphic, polished, smooth, refined, staggered, cascading, horizontal, alive, techy, elegant, poppy, futuristic, cool"
2026-08-30T13:51:06,75,Column_Shutters,Lists/Column_Shutters.html,tags,modern,,"clean, structured, organized, interactive, bold, graphic, polished, smooth, refined, staggered, cascading, horizontal, alive, techy, elegant, poppy, futuristic, cool","clean, structured, organized, interactive, bold, graphic, polished, smooth, refined, staggered, cascading, horizontal, alive, techy, elegant, poppy, futuristic, cool, modern"
2026-08-30T13:51:07,75,Column_Shutters,Lists/Column_Shutters.html,approved,,,,2026-08-30T13:51:07
2026-08-30T13:51:18,76,Flex_Cards,Lists/Flex_Cards.html,tags,minimal,,"clean, structured, organized, interactive, bold, graphic, polished, smooth, refined, staggered, horizontal, gradual, alive","clean, structured, organized, interactive, bold, graphic, polished, smooth, refined, staggered, horizontal, gradual, alive, minimal"
2026-08-30T13:51:19,76,Flex_Cards,Lists/Flex_Cards.html,tags,elegant,,"clean, structured, organized, interactive, bold, graphic, polished, smooth, refined, staggered, horizontal, gradual, alive, minimal","clean, structured, organized, interactive, bold, graphic, polished, smooth, refined, staggered, horizontal, gradual, alive, minimal, elegant"
2026-08-30T13:51:22,76,Flex_Cards,Lists/Flex_Cards.html,tags,effortless,,"clean, structured, organized, interactive, bold, graphic, polished, smooth, refined, staggered, horizontal, gradual, alive, minimal, elegant","clean, structured, organized, interactive, bold, graphic, polished, smooth, refined, staggered, horizontal, gradual, alive, minimal, elegant, effortless"
2026-08-30T13:51:23,76,Flex_Cards,Lists/Flex_Cards.html,tags,subtle,,"clean, structured, organized, interactive, bold, graphic, polished, smooth, refined, staggered, horizontal, gradual, alive, minimal, elegant, effortless","clean, structured, organized, interactive, bold, graphic, polished, smooth, refined, staggered, horizontal, gradual, alive, minimal, elegant, effortless, subtle"
2026-08-30T13:51:26,76,Flex_Cards,Lists/Flex_Cards.html,approved,,,,2026-08-30T13:51:26
2026-08-30T13:52:08,78,Icon_Pill_Slider,Lists/Icon_Pill_Slider.html,tags,graceful,,"elegant, refined, clean, interactive, understated, smooth, silky, polished, effortless, horizontal, revealing, circular, staggered","elegant, refined, clean, interactive, understated, smooth, silky, polished, effortless, horizontal, revealing, circular, staggered, graceful"
2026-08-30T13:52:10,78,Icon_Pill_Slider,Lists/Icon_Pill_Slider.html,tags,flowing,,"elegant, refined, clean, interactive, understated, smooth, silky, polished, effortless, horizontal, revealing, circular, staggered, graceful","elegant, refined, clean, interactive, understated, smooth, silky, polished, effortless, horizontal, revealing, circular, staggered, graceful, flowing"
2026-08-30T13:52:12,78,Icon_Pill_Slider,Lists/Icon_Pill_Slider.html,tags,soft,,"elegant, refined, clean, interactive, understated, smooth, silky, polished, effortless, horizontal, revealing, circular, staggered, graceful, flowing","elegant, refined, clean, interactive, understated, smooth, silky, polished, effortless, horizontal, revealing, circular, staggered, graceful, flowing, soft"
2026-08-30T13:52:13,78,Icon_Pill_Slider,Lists/Icon_Pill_Slider.html,tags,gentle,,"elegant, refined, clean, interactive, understated, smooth, silky, polished, effortless, horizontal, revealing, circular, staggered, graceful, flowing, soft","elegant, refined, clean, interactive, understated, smooth, silky, polished, effortless, horizontal, revealing, circular, staggered, graceful, flowing, soft, gentle"
2026-08-30T13:52:21,78,Icon_Pill_Slider,Lists/Icon_Pill_Slider.html,tags,,effortless,"elegant, refined, clean, interactive, understated, smooth, silky, polished, effortless, horizontal, revealing, circular, staggered, graceful, flowing, soft, gentle","elegant, refined, clean, interactive, understated, smooth, silky, polished, horizontal, revealing, circular, staggered, graceful, flowing, soft, gentle"
2026-08-30T13:52:36,78,Icon_Pill_Slider,Lists/Icon_Pill_Slider.html,approved,,,,2026-08-30T13:52:36
2026-08-30T13:53:14,79,Icon_Pill_Slider_Scroll,Lists/Icon_Pill_Slider_Scroll.html,tags,clean,,"elegant, refined, sophisticated, minimal, smooth, gradual, flowing, continuous, effortless, horizontal, circular, revealing, staggered","elegant, refined, sophisticated, minimal, smooth, gradual, flowing, continuous, effortless, horizontal, circular, revealing, staggered, clean"
2026-08-30T13:53:16,79,Icon_Pill_Slider_Scroll,Lists/Icon_Pill_Slider_Scroll.html,tags,silky,,"elegant, refined, sophisticated, minimal, smooth, gradual, flowing, continuous, effortless, horizontal, circular, revealing, staggered, clean","elegant, refined, sophisticated, minimal, smooth, gradual, flowing, continuous, effortless, horizontal, circular, revealing, staggered, clean, silky"
2026-08-30T13:53:17,79,Icon_Pill_Slider_Scroll,Lists/Icon_Pill_Slider_Scroll.html,tags,transformative,,"elegant, refined, sophisticated, minimal, smooth, gradual, flowing, continuous, effortless, horizontal, circular, revealing, staggered, clean, silky","elegant, refined, sophisticated, minimal, smooth, gradual, flowing, continuous, effortless, horizontal, circular, revealing, staggered, clean, silky, transformative"
2026-08-30T13:53:19,79,Icon_Pill_Slider_Scroll,Lists/Icon_Pill_Slider_Scroll.html,approved,,,,2026-08-30T13:53:19
2026-08-30T13:54:15,147,Image_Stroll,text_Image/Image_Stroll.html,tags,impactful,,"elegant, refined, minimal, understated, sophisticated, clean, gradual, flowing, continuous, staggered, cascading, revealing, zoom","elegant, refined, minimal, understated, sophisticated, clean, gradual, flowing, continuous, staggered, cascading, revealing, zoom, impactful"
2026-08-30T13:54:18,147,Image_Stroll,text_Image/Image_Stroll.html,tags,bold,,"elegant, refined, minimal, understated, sophisticated, clean, gradual, flowing, continuous, staggered, cascading, revealing, zoom, impactful","elegant, refined, minimal, understated, sophisticated, clean, gradual, flowing, continuous, staggered, cascading, revealing, zoom, impactful, bold"
2026-08-30T13:54:19,147,Image_Stroll,text_Image/Image_Stroll.html,tags,high-end,,"elegant, refined, minimal, understated, sophisticated, clean, gradual, flowing, continuous, staggered, cascading, revealing, zoom, impactful, bold","elegant, refined, minimal, understated, sophisticated, clean, gradual, flowing, continuous, staggered, cascading, revealing, zoom, impactful, bold, high-end"
2026-08-30T13:54:20,147,Image_Stroll,text_Image/Image_Stroll.html,tags,smooth,,"elegant, refined, minimal, understated, sophisticated, clean, gradual, flowing, continuous, staggered, cascading, revealing, zoom, impactful, bold, high-end","elegant, refined, minimal, understated, sophisticated, clean, gradual, flowing, continuous, staggered, cascading, revealing, zoom, impactful, bold, high-end, smooth"
2026-08-30T13:54:28,147,Image_Stroll,text_Image/Image_Stroll.html,tags,,understated,"elegant, refined, minimal, understated, sophisticated, clean, gradual, flowing, continuous, staggered, cascading, revealing, zoom, impactful, bold, high-end, smooth","elegant, refined, minimal, sophisticated, clean, gradual, flowing, continuous, staggered, cascading, revealing, zoom, impactful, bold, high-end, smooth"
2026-08-30T13:54:37,147,Image_Stroll,text_Image/Image_Stroll.html,approved,,,,2026-08-30T13:54:37
2026-08-30T13:54:45,148,pointer-scale-scroll-blur,text_Image/pointer-scale-scroll-blur.html,tags,soft,,"elegant, refined, sophisticated, high-end, minimal, clean, smooth, polished, graphic, interactive, alive, zoom, revealing","elegant, refined, sophisticated, high-end, minimal, clean, smooth, polished, graphic, interactive, alive, zoom, revealing, soft"
2026-08-30T13:54:46,148,pointer-scale-scroll-blur,text_Image/pointer-scale-scroll-blur.html,tags,gentle,,"elegant, refined, sophisticated, high-end, minimal, clean, smooth, polished, graphic, interactive, alive, zoom, revealing, soft","elegant, refined, sophisticated, high-end, minimal, clean, smooth, polished, graphic, interactive, alive, zoom, revealing, soft, gentle"
2026-08-30T13:54:47,148,pointer-scale-scroll-blur,text_Image/pointer-scale-scroll-blur.html,tags,calm,,"elegant, refined, sophisticated, high-end, minimal, clean, smooth, polished, graphic, interactive, alive, zoom, revealing, soft, gentle","elegant, refined, sophisticated, high-end, minimal, clean, smooth, polished, graphic, interactive, alive, zoom, revealing, soft, gentle, calm"
2026-08-30T13:54:48,148,pointer-scale-scroll-blur,text_Image/pointer-scale-scroll-blur.html,tags,subtle,,"elegant, refined, sophisticated, high-end, minimal, clean, smooth, polished, graphic, interactive, alive, zoom, revealing, soft, gentle, calm","elegant, refined, sophisticated, high-end, minimal, clean, smooth, polished, graphic, interactive, alive, zoom, revealing, soft, gentle, calm, subtle"
2026-08-30T13:54:56,148,pointer-scale-scroll-blur,text_Image/pointer-scale-scroll-blur.html,tags,,zoom,"elegant, refined, sophisticated, high-end, minimal, clean, smooth, polished, graphic, interactive, alive, zoom, revealing, soft, gentle, calm, subtle","elegant, refined, sophisticated, high-end, minimal, clean, smooth, polished, graphic, interactive, alive, revealing, soft, gentle, calm, subtle"
2026-08-30T13:55:01,148,pointer-scale-scroll-blur,text_Image/pointer-scale-scroll-blur.html,approved,,,,2026-08-30T13:55:01
2026-08-30T13:55:08,60,column-squeeze-reveal,Image_Background/column-squeeze-reveal.html,tags,classic,,"bold, graphic, elegant, sophisticated, high-end, refined, minimal, structured, gradual, smooth, transformative, zoom, revealing","bold, graphic, elegant, sophisticated, high-end, refined, minimal, structured, gradual, smooth, transformative, zoom, revealing, classic"
2026-08-30T13:55:09,60,column-squeeze-reveal,Image_Background/column-squeeze-reveal.html,tags,calm,,"bold, graphic, elegant, sophisticated, high-end, refined, minimal, structured, gradual, smooth, transformative, zoom, revealing, classic","bold, graphic, elegant, sophisticated, high-end, refined, minimal, structured, gradual, smooth, transformative, zoom, revealing, classic, calm"
2026-08-30T13:55:09,60,column-squeeze-reveal,Image_Background/column-squeeze-reveal.html,tags,subtle,,"bold, graphic, elegant, sophisticated, high-end, refined, minimal, structured, gradual, smooth, transformative, zoom, revealing, classic, calm","bold, graphic, elegant, sophisticated, high-end, refined, minimal, structured, gradual, smooth, transformative, zoom, revealing, classic, calm, subtle"
2026-08-30T13:55:10,60,column-squeeze-reveal,Image_Background/column-squeeze-reveal.html,tags,understated,,"bold, graphic, elegant, sophisticated, high-end, refined, minimal, structured, gradual, smooth, transformative, zoom, revealing, classic, calm, subtle","bold, graphic, elegant, sophisticated, high-end, refined, minimal, structured, gradual, smooth, transformative, zoom, revealing, classic, calm, subtle, understated"
2026-08-30T13:55:12,60,column-squeeze-reveal,Image_Background/column-squeeze-reveal.html,tags,shape,,"bold, graphic, elegant, sophisticated, high-end, refined, minimal, structured, gradual, smooth, transformative, zoom, revealing, classic, calm, subtle, understated","bold, graphic, elegant, sophisticated, high-end, refined, minimal, structured, gradual, smooth, transformative, zoom, revealing, classic, calm, subtle, understated, shape"
2026-08-30T13:55:12,60,column-squeeze-reveal,Image_Background/column-squeeze-reveal.html,tags,soft,,"bold, graphic, elegant, sophisticated, high-end, refined, minimal, structured, gradual, smooth, transformative, zoom, revealing, classic, calm, subtle, understated, shape","bold, graphic, elegant, sophisticated, high-end, refined, minimal, structured, gradual, smooth, transformative, zoom, revealing, classic, calm, subtle, understated, shape, soft"
2026-08-30T13:55:13,60,column-squeeze-reveal,Image_Background/column-squeeze-reveal.html,tags,gentle,,"bold, graphic, elegant, sophisticated, high-end, refined, minimal, structured, gradual, smooth, transformative, zoom, revealing, classic, calm, subtle, understated, shape, soft","bold, graphic, elegant, sophisticated, high-end, refined, minimal, structured, gradual, smooth, transformative, zoom, revealing, classic, calm, subtle, understated, shape, soft, gentle"
2026-08-30T13:55:14,60,column-squeeze-reveal,Image_Background/column-squeeze-reveal.html,tags,clean,,"bold, graphic, elegant, sophisticated, high-end, refined, minimal, structured, gradual, smooth, transformative, zoom, revealing, classic, calm, subtle, understated, shape, soft, gentle","bold, graphic, elegant, sophisticated, high-end, refined, minimal, structured, gradual, smooth, transformative, zoom, revealing, classic, calm, subtle, understated, shape, soft, gentle, clean"
2026-08-30T13:55:14,60,column-squeeze-reveal,Image_Background/column-squeeze-reveal.html,tags,organic,,"bold, graphic, elegant, sophisticated, high-end, refined, minimal, structured, gradual, smooth, transformative, zoom, revealing, classic, calm, subtle, understated, shape, soft, gentle, clean","bold, graphic, elegant, sophisticated, high-end, refined, minimal, structured, gradual, smooth, transformative, zoom, revealing, classic, calm, subtle, understated, shape, soft, gentle, clean, organic"
2026-08-30T13:55:29,60,column-squeeze-reveal,Image_Background/column-squeeze-reveal.html,tags,,bold,"bold, graphic, elegant, sophisticated, high-end, refined, minimal, structured, gradual, smooth, transformative, zoom, revealing, classic, calm, subtle, understated, shape, soft, gentle, clean, organic","graphic, elegant, sophisticated, high-end, refined, minimal, structured, gradual, smooth, transformative, zoom, revealing, classic, calm, subtle, understated, shape, soft, gentle, clean, organic"
2026-08-30T13:55:33,60,column-squeeze-reveal,Image_Background/column-squeeze-reveal.html,approved,,,,2026-08-30T13:55:33
2026-08-30T14:03:12,149,pointer-track-scroll-fade,text_Image/pointer-track-scroll-fade.html,tags,,bold,"elegant, sophisticated, high-end, refined, minimal, clean, bold, graphic, smooth, playful, interactive, alive, revealing","elegant, sophisticated, high-end, refined, minimal, clean, graphic, smooth, playful, interactive, alive, revealing"
2026-08-30T14:03:21,149,pointer-track-scroll-fade,text_Image/pointer-track-scroll-fade.html,tags,subtle,,"elegant, sophisticated, high-end, refined, minimal, clean, graphic, smooth, playful, interactive, alive, revealing","elegant, sophisticated, high-end, refined, minimal, clean, graphic, smooth, playful, interactive, alive, revealing, subtle"
2026-08-30T14:03:22,149,pointer-track-scroll-fade,text_Image/pointer-track-scroll-fade.html,tags,modern,,"elegant, sophisticated, high-end, refined, minimal, clean, graphic, smooth, playful, interactive, alive, revealing, subtle","elegant, sophisticated, high-end, refined, minimal, clean, graphic, smooth, playful, interactive, alive, revealing, subtle, modern"
2026-08-30T14:03:33,149,pointer-track-scroll-fade,text_Image/pointer-track-scroll-fade.html,tags,gentle,,"elegant, sophisticated, high-end, refined, minimal, clean, graphic, smooth, playful, interactive, alive, revealing, subtle, modern","elegant, sophisticated, high-end, refined, minimal, clean, graphic, smooth, playful, interactive, alive, revealing, subtle, modern, gentle"
2026-08-30T14:03:34,149,pointer-track-scroll-fade,text_Image/pointer-track-scroll-fade.html,tags,soft,,"elegant, sophisticated, high-end, refined, minimal, clean, graphic, smooth, playful, interactive, alive, revealing, subtle, modern, gentle","elegant, sophisticated, high-end, refined, minimal, clean, graphic, smooth, playful, interactive, alive, revealing, subtle, modern, gentle, soft"
2026-08-30T14:03:35,149,pointer-track-scroll-fade,text_Image/pointer-track-scroll-fade.html,tags,calm,,"elegant, sophisticated, high-end, refined, minimal, clean, graphic, smooth, playful, interactive, alive, revealing, subtle, modern, gentle, soft","elegant, sophisticated, high-end, refined, minimal, clean, graphic, smooth, playful, interactive, alive, revealing, subtle, modern, gentle, soft, calm"
2026-08-30T14:03:37,149,pointer-track-scroll-fade,text_Image/pointer-track-scroll-fade.html,approved,,,,2026-08-30T14:03:37
2026-08-30T14:03:47,150,scroll-blur-split-layout,text_Image/scroll-blur-split-layout.html,tags,,interactive,"elegant, sophisticated, high-end, interactive, classic, refined, minimal, clean, graphic, gradual, flowing, continuous, revealing","elegant, sophisticated, high-end, classic, refined, minimal, clean, graphic, gradual, flowing, continuous, revealing"
2026-08-30T14:03:58,150,scroll-blur-split-layout,text_Image/scroll-blur-split-layout.html,tags,soft,,"elegant, sophisticated, high-end, classic, refined, minimal, clean, graphic, gradual, flowing, continuous, revealing","elegant, sophisticated, high-end, classic, refined, minimal, clean, graphic, gradual, flowing, continuous, revealing, soft"
2026-08-30T14:03:59,150,scroll-blur-split-layout,text_Image/scroll-blur-split-layout.html,tags,subtle,,"elegant, sophisticated, high-end, classic, refined, minimal, clean, graphic, gradual, flowing, continuous, revealing, soft","elegant, sophisticated, high-end, classic, refined, minimal, clean, graphic, gradual, flowing, continuous, revealing, soft, subtle"
2026-08-30T14:04:02,150,scroll-blur-split-layout,text_Image/scroll-blur-split-layout.html,tags,understated,,"elegant, sophisticated, high-end, classic, refined, minimal, clean, graphic, gradual, flowing, continuous, revealing, soft, subtle","elegant, sophisticated, high-end, classic, refined, minimal, clean, graphic, gradual, flowing, continuous, revealing, soft, subtle, understated"
2026-08-30T14:04:03,150,scroll-blur-split-layout,text_Image/scroll-blur-split-layout.html,tags,calm,,"elegant, sophisticated, high-end, classic, refined, minimal, clean, graphic, gradual, flowing, continuous, revealing, soft, subtle, understated","elegant, sophisticated, high-end, classic, refined, minimal, clean, graphic, gradual, flowing, continuous, revealing, soft, subtle, understated, calm"
2026-08-30T14:04:05,150,scroll-blur-split-layout,text_Image/scroll-blur-split-layout.html,tags,cloudy,,"elegant, sophisticated, high-end, classic, refined, minimal, clean, graphic, gradual, flowing, continuous, revealing, soft, subtle, understated, calm","elegant, sophisticated, high-end, classic, refined, minimal, clean, graphic, gradual, flowing, continuous, revealing, soft, subtle, understated, calm, cloudy"
2026-08-30T14:04:06,150,scroll-blur-split-layout,text_Image/scroll-blur-split-layout.html,approved,,,,2026-08-30T14:04:06
2026-08-30T14:05:36,151,scroll-perspective-hero,text_Image/scroll-perspective-hero.html,tags,,bold,"bold, impactful, futuristic, immersive, dynamic, energetic, attention-grabbing, graphic, edgy, 3d, depth, perspective, zoom","impactful, futuristic, immersive, dynamic, energetic, attention-grabbing, graphic, edgy, 3d, depth, perspective, zoom"
2026-08-30T14:05:41,151,scroll-perspective-hero,text_Image/scroll-perspective-hero.html,tags,layered,,"impactful, futuristic, immersive, dynamic, energetic, attention-grabbing, graphic, edgy, 3d, depth, perspective, zoom","impactful, futuristic, immersive, dynamic, energetic, attention-grabbing, graphic, edgy, 3d, depth, perspective, zoom, layered"
2026-08-30T14:05:42,151,scroll-perspective-hero,text_Image/scroll-perspective-hero.html,tags,cool,,"impactful, futuristic, immersive, dynamic, energetic, attention-grabbing, graphic, edgy, 3d, depth, perspective, zoom, layered","impactful, futuristic, immersive, dynamic, energetic, attention-grabbing, graphic, edgy, 3d, depth, perspective, zoom, layered, cool"
2026-08-30T14:05:48,151,scroll-perspective-hero,text_Image/scroll-perspective-hero.html,approved,,,,2026-08-30T14:05:48
2026-08-30T14:05:59,53,3d-blinds-flip-reveal,Image_Background/3d-blinds-flip-reveal.html,tags,graphic,,"bold, impactful, confident, dynamic, techy, polished, smooth, depth, 3d, dimensional, layered, revealing, staggered","bold, impactful, confident, dynamic, techy, polished, smooth, depth, 3d, dimensional, layered, revealing, staggered, graphic"
2026-08-30T14:06:00,53,3d-blinds-flip-reveal,Image_Background/3d-blinds-flip-reveal.html,tags,edgy,,"bold, impactful, confident, dynamic, techy, polished, smooth, depth, 3d, dimensional, layered, revealing, staggered, graphic","bold, impactful, confident, dynamic, techy, polished, smooth, depth, 3d, dimensional, layered, revealing, staggered, graphic, edgy"
2026-08-30T14:06:01,53,3d-blinds-flip-reveal,Image_Background/3d-blinds-flip-reveal.html,tags,futuristic,,"bold, impactful, confident, dynamic, techy, polished, smooth, depth, 3d, dimensional, layered, revealing, staggered, graphic, edgy","bold, impactful, confident, dynamic, techy, polished, smooth, depth, 3d, dimensional, layered, revealing, staggered, graphic, edgy, futuristic"
2026-08-30T14:06:02,53,3d-blinds-flip-reveal,Image_Background/3d-blinds-flip-reveal.html,tags,attention-grabbing,,"bold, impactful, confident, dynamic, techy, polished, smooth, depth, 3d, dimensional, layered, revealing, staggered, graphic, edgy, futuristic","bold, impactful, confident, dynamic, techy, polished, smooth, depth, 3d, dimensional, layered, revealing, staggered, graphic, edgy, futuristic, attention-grabbing"
2026-08-30T14:06:03,53,3d-blinds-flip-reveal,Image_Background/3d-blinds-flip-reveal.html,tags,expressive,,"bold, impactful, confident, dynamic, techy, polished, smooth, depth, 3d, dimensional, layered, revealing, staggered, graphic, edgy, futuristic, attention-grabbing","bold, impactful, confident, dynamic, techy, polished, smooth, depth, 3d, dimensional, layered, revealing, staggered, graphic, edgy, futuristic, attention-grabbing, expressive"
2026-08-30T14:06:04,53,3d-blinds-flip-reveal,Image_Background/3d-blinds-flip-reveal.html,tags,immersive,,"bold, impactful, confident, dynamic, techy, polished, smooth, depth, 3d, dimensional, layered, revealing, staggered, graphic, edgy, futuristic, attention-grabbing, expressive","bold, impactful, confident, dynamic, techy, polished, smooth, depth, 3d, dimensional, layered, revealing, staggered, graphic, edgy, futuristic, attention-grabbing, expressive, immersive"
2026-08-30T14:06:05,53,3d-blinds-flip-reveal,Image_Background/3d-blinds-flip-reveal.html,tags,cool,,"bold, impactful, confident, dynamic, techy, polished, smooth, depth, 3d, dimensional, layered, revealing, staggered, graphic, edgy, futuristic, attention-grabbing, expressive, immersive","bold, impactful, confident, dynamic, techy, polished, smooth, depth, 3d, dimensional, layered, revealing, staggered, graphic, edgy, futuristic, attention-grabbing, expressive, immersive, cool"
2026-08-30T14:06:08,53,3d-blinds-flip-reveal,Image_Background/3d-blinds-flip-reveal.html,approved,,,,2026-08-30T14:06:08
2026-08-30T14:07:19,55,BG_image_ShapeMask,Image_Background/BG_image_ShapeMask.html,tags,classic,,"elegant, refined, calm, gentle, soft, minimal, smooth, gradual, revealing, shape, organic, subtle","elegant, refined, calm, gentle, soft, minimal, smooth, gradual, revealing, shape, organic, subtle, classic"
2026-08-30T14:07:21,55,BG_image_ShapeMask,Image_Background/BG_image_ShapeMask.html,approved,,,,2026-08-30T14:07:21
2026-08-30T14:07:28,54,BG_Image_ShapeMask_Gallery,Image_Background/BG_Image_ShapeMask_Gallery.html,tags,modern,,"elegant, refined, calm, gentle, soft, minimal, smooth, gradual, continuous, revealing, shape, organic, transformative","elegant, refined, calm, gentle, soft, minimal, smooth, gradual, continuous, revealing, shape, organic, transformative, modern"
2026-08-30T14:07:29,54,BG_Image_ShapeMask_Gallery,Image_Background/BG_Image_ShapeMask_Gallery.html,tags,sophisticated,,"elegant, refined, calm, gentle, soft, minimal, smooth, gradual, continuous, revealing, shape, organic, transformative, modern","elegant, refined, calm, gentle, soft, minimal, smooth, gradual, continuous, revealing, shape, organic, transformative, modern, sophisticated"
2026-08-30T14:07:37,54,BG_Image_ShapeMask_Gallery,Image_Background/BG_Image_ShapeMask_Gallery.html,approved,,,,2026-08-30T14:07:37
2026-08-30T14:08:33,56,Diagonal_Slideshow,Image_Background/Diagonal_Slideshow.html,tags,graphic,,"bold, edgy, cool, sophisticated, expressive, artistic, dynamic, futuristic, gradual, revealing, transformative, layered, staggered","bold, edgy, cool, sophisticated, expressive, artistic, dynamic, futuristic, gradual, revealing, transformative, layered, staggered, graphic"
2026-08-30T14:08:34,56,Diagonal_Slideshow,Image_Background/Diagonal_Slideshow.html,tags,impactful,,"bold, edgy, cool, sophisticated, expressive, artistic, dynamic, futuristic, gradual, revealing, transformative, layered, staggered, graphic","bold, edgy, cool, sophisticated, expressive, artistic, dynamic, futuristic, gradual, revealing, transformative, layered, staggered, graphic, impactful"
2026-08-30T14:08:34,56,Diagonal_Slideshow,Image_Background/Diagonal_Slideshow.html,tags,attention-grabbing,,"bold, edgy, cool, sophisticated, expressive, artistic, dynamic, futuristic, gradual, revealing, transformative, layered, staggered, graphic, impactful","bold, edgy, cool, sophisticated, expressive, artistic, dynamic, futuristic, gradual, revealing, transformative, layered, staggered, graphic, impactful, attention-grabbing"
2026-08-30T14:08:35,56,Diagonal_Slideshow,Image_Background/Diagonal_Slideshow.html,tags,techy,,"bold, edgy, cool, sophisticated, expressive, artistic, dynamic, futuristic, gradual, revealing, transformative, layered, staggered, graphic, impactful, attention-grabbing","bold, edgy, cool, sophisticated, expressive, artistic, dynamic, futuristic, gradual, revealing, transformative, layered, staggered, graphic, impactful, attention-grabbing, techy"
2026-08-30T14:08:39,56,Diagonal_Slideshow,Image_Background/Diagonal_Slideshow.html,approved,,,,2026-08-30T14:08:39
2026-08-30T14:08:52,61,dot-churn,Image_Background/dot-churn.html,tags,,playful,"playful, poppy, surprising, graphic, bold, edgy, artistic, expressive, unconventional, endless, continuous, staggered, alive","poppy, surprising, graphic, bold, edgy, artistic, expressive, unconventional, endless, continuous, staggered, alive"
2026-08-30T14:08:59,61,dot-churn,Image_Background/dot-churn.html,tags,energetic,,"poppy, surprising, graphic, bold, edgy, artistic, expressive, unconventional, endless, continuous, staggered, alive","poppy, surprising, graphic, bold, edgy, artistic, expressive, unconventional, endless, continuous, staggered, alive, energetic"
2026-08-30T14:09:01,61,dot-churn,Image_Background/dot-churn.html,tags,attention-grabbing,,"poppy, surprising, graphic, bold, edgy, artistic, expressive, unconventional, endless, continuous, staggered, alive, energetic","poppy, surprising, graphic, bold, edgy, artistic, expressive, unconventional, endless, continuous, staggered, alive, energetic, attention-grabbing"
2026-08-30T14:09:03,61,dot-churn,Image_Background/dot-churn.html,tags,futuristic,,"poppy, surprising, graphic, bold, edgy, artistic, expressive, unconventional, endless, continuous, staggered, alive, energetic, attention-grabbing","poppy, surprising, graphic, bold, edgy, artistic, expressive, unconventional, endless, continuous, staggered, alive, energetic, attention-grabbing, futuristic"
2026-08-30T14:09:04,61,dot-churn,Image_Background/dot-churn.html,approved,,,,2026-08-30T14:09:04
2026-08-30T14:09:17,64,line-churn,Image_Background/line-churn.html,tags,artistic,,"bold, graphic, impactful, edgy, experimental, creative, endless, continuous, revealing, transformative, horizontal, staggered, structured","bold, graphic, impactful, edgy, experimental, creative, endless, continuous, revealing, transformative, horizontal, staggered, structured, artistic"
2026-08-30T14:09:18,64,line-churn,Image_Background/line-churn.html,tags,attention-grabbing,,"bold, graphic, impactful, edgy, experimental, creative, endless, continuous, revealing, transformative, horizontal, staggered, structured, artistic","bold, graphic, impactful, edgy, experimental, creative, endless, continuous, revealing, transformative, horizontal, staggered, structured, artistic, attention-grabbing"
2026-08-30T14:09:19,64,line-churn,Image_Background/line-churn.html,tags,techy,,"bold, graphic, impactful, edgy, experimental, creative, endless, continuous, revealing, transformative, horizontal, staggered, structured, artistic, attention-grabbing","bold, graphic, impactful, edgy, experimental, creative, endless, continuous, revealing, transformative, horizontal, staggered, structured, artistic, attention-grabbing, techy"
2026-08-30T14:09:19,64,line-churn,Image_Background/line-churn.html,tags,dynamic,,"bold, graphic, impactful, edgy, experimental, creative, endless, continuous, revealing, transformative, horizontal, staggered, structured, artistic, attention-grabbing, techy","bold, graphic, impactful, edgy, experimental, creative, endless, continuous, revealing, transformative, horizontal, staggered, structured, artistic, attention-grabbing, techy, dynamic"
2026-08-30T14:09:20,64,line-churn,Image_Background/line-churn.html,tags,cool,,"bold, graphic, impactful, edgy, experimental, creative, endless, continuous, revealing, transformative, horizontal, staggered, structured, artistic, attention-grabbing, techy, dynamic","bold, graphic, impactful, edgy, experimental, creative, endless, continuous, revealing, transformative, horizontal, staggered, structured, artistic, attention-grabbing, techy, dynamic, cool"
2026-08-30T14:09:21,64,line-churn,Image_Background/line-churn.html,tags,unconventional,,"bold, graphic, impactful, edgy, experimental, creative, endless, continuous, revealing, transformative, horizontal, staggered, structured, artistic, attention-grabbing, techy, dynamic, cool","bold, graphic, impactful, edgy, experimental, creative, endless, continuous, revealing, transformative, horizontal, staggered, structured, artistic, attention-grabbing, techy, dynamic, cool, unconventional"
2026-08-30T14:09:23,64,line-churn,Image_Background/line-churn.html,tags,surprising,,"bold, graphic, impactful, edgy, experimental, creative, endless, continuous, revealing, transformative, horizontal, staggered, structured, artistic, attention-grabbing, techy, dynamic, cool, unconventional","bold, graphic, impactful, edgy, experimental, creative, endless, continuous, revealing, transformative, horizontal, staggered, structured, artistic, attention-grabbing, techy, dynamic, cool, unconventional, surprising"
2026-08-30T14:09:25,64,line-churn,Image_Background/line-churn.html,tags,futuristic,,"bold, graphic, impactful, edgy, experimental, creative, endless, continuous, revealing, transformative, horizontal, staggered, structured, artistic, attention-grabbing, techy, dynamic, cool, unconventional, surprising","bold, graphic, impactful, edgy, experimental, creative, endless, continuous, revealing, transformative, horizontal, staggered, structured, artistic, attention-grabbing, techy, dynamic, cool, unconventional, surprising, futuristic"
2026-08-30T14:09:29,64,line-churn,Image_Background/line-churn.html,approved,,,,2026-08-30T14:09:29
2026-08-30T14:09:47,62,horizontal-stripe-cascade-reveal,Image_Background/horizontal-stripe-cascade-reveal.html,tags,graphic,,"smooth, polished, dynamic, confident, clean, minimal, techy, horizontal, staggered, cascading, revealing, zoom, layered","smooth, polished, dynamic, confident, clean, minimal, techy, horizontal, staggered, cascading, revealing, zoom, layered, graphic"
2026-08-30T14:09:48,62,horizontal-stripe-cascade-reveal,Image_Background/horizontal-stripe-cascade-reveal.html,tags,futuristic,,"smooth, polished, dynamic, confident, clean, minimal, techy, horizontal, staggered, cascading, revealing, zoom, layered, graphic","smooth, polished, dynamic, confident, clean, minimal, techy, horizontal, staggered, cascading, revealing, zoom, layered, graphic, futuristic"
2026-08-30T14:09:49,62,horizontal-stripe-cascade-reveal,Image_Background/horizontal-stripe-cascade-reveal.html,tags,cool,,"smooth, polished, dynamic, confident, clean, minimal, techy, horizontal, staggered, cascading, revealing, zoom, layered, graphic, futuristic","smooth, polished, dynamic, confident, clean, minimal, techy, horizontal, staggered, cascading, revealing, zoom, layered, graphic, futuristic, cool"
2026-08-30T14:09:53,62,horizontal-stripe-cascade-reveal,Image_Background/horizontal-stripe-cascade-reveal.html,approved,,,,2026-08-30T14:09:53
2026-08-30T14:10:00,57,Kinetic 155 Horizon,Image_Background/Kinetic 155 Horizon.html,tags,classic,,"elegant, refined, calm, minimal, high-end, smooth, polished, interactive, alive, depth, perspective, 3d, dimensional","elegant, refined, calm, minimal, high-end, smooth, polished, interactive, alive, depth, perspective, 3d, dimensional, classic"
2026-08-30T14:10:01,57,Kinetic 155 Horizon,Image_Background/Kinetic 155 Horizon.html,tags,subtle,,"elegant, refined, calm, minimal, high-end, smooth, polished, interactive, alive, depth, perspective, 3d, dimensional, classic","elegant, refined, calm, minimal, high-end, smooth, polished, interactive, alive, depth, perspective, 3d, dimensional, classic, subtle"
2026-08-30T14:10:02,57,Kinetic 155 Horizon,Image_Background/Kinetic 155 Horizon.html,tags,clean,,"elegant, refined, calm, minimal, high-end, smooth, polished, interactive, alive, depth, perspective, 3d, dimensional, classic, subtle","elegant, refined, calm, minimal, high-end, smooth, polished, interactive, alive, depth, perspective, 3d, dimensional, classic, subtle, clean"
2026-08-30T14:10:03,57,Kinetic 155 Horizon,Image_Background/Kinetic 155 Horizon.html,tags,soft,,"elegant, refined, calm, minimal, high-end, smooth, polished, interactive, alive, depth, perspective, 3d, dimensional, classic, subtle, clean","elegant, refined, calm, minimal, high-end, smooth, polished, interactive, alive, depth, perspective, 3d, dimensional, classic, subtle, clean, soft"
2026-08-30T14:10:03,57,Kinetic 155 Horizon,Image_Background/Kinetic 155 Horizon.html,tags,gentle,,"elegant, refined, calm, minimal, high-end, smooth, polished, interactive, alive, depth, perspective, 3d, dimensional, classic, subtle, clean, soft","elegant, refined, calm, minimal, high-end, smooth, polished, interactive, alive, depth, perspective, 3d, dimensional, classic, subtle, clean, soft, gentle"
2026-08-30T14:10:05,57,Kinetic 155 Horizon,Image_Background/Kinetic 155 Horizon.html,tags,understated,,"elegant, refined, calm, minimal, high-end, smooth, polished, interactive, alive, depth, perspective, 3d, dimensional, classic, subtle, clean, soft, gentle","elegant, refined, calm, minimal, high-end, smooth, polished, interactive, alive, depth, perspective, 3d, dimensional, classic, subtle, clean, soft, gentle, understated"
2026-08-30T14:10:09,57,Kinetic 155 Horizon,Image_Background/Kinetic 155 Horizon.html,approved,,,,2026-08-30T14:10:09
2026-08-30T14:10:17,63,left-panel-slide-out-reveal,Image_Background/left-panel-slide-out-reveal.html,tags,subtle,,"smooth, elegant, clean, minimal, refined, calm, understated, polished, horizontal, revealing, gradual, layered","smooth, elegant, clean, minimal, refined, calm, understated, polished, horizontal, revealing, gradual, layered, subtle"
2026-08-30T14:10:17,63,left-panel-slide-out-reveal,Image_Background/left-panel-slide-out-reveal.html,tags,soft,,"smooth, elegant, clean, minimal, refined, calm, understated, polished, horizontal, revealing, gradual, layered, subtle","smooth, elegant, clean, minimal, refined, calm, understated, polished, horizontal, revealing, gradual, layered, subtle, soft"
2026-08-30T14:10:18,63,left-panel-slide-out-reveal,Image_Background/left-panel-slide-out-reveal.html,tags,gentle,,"smooth, elegant, clean, minimal, refined, calm, understated, polished, horizontal, revealing, gradual, layered, subtle, soft","smooth, elegant, clean, minimal, refined, calm, understated, polished, horizontal, revealing, gradual, layered, subtle, soft, gentle"
2026-08-30T14:10:19,63,left-panel-slide-out-reveal,Image_Background/left-panel-slide-out-reveal.html,tags,classic,,"smooth, elegant, clean, minimal, refined, calm, understated, polished, horizontal, revealing, gradual, layered, subtle, soft, gentle","smooth, elegant, clean, minimal, refined, calm, understated, polished, horizontal, revealing, gradual, layered, subtle, soft, gentle, classic"
2026-08-30T14:10:24,63,left-panel-slide-out-reveal,Image_Background/left-panel-slide-out-reveal.html,approved,,,,2026-08-30T14:10:24
2026-08-30T14:10:32,65,lumina-orbit-scroll,Image_Background/lumina-orbit-scroll.html,tags,layered,,"elegant, sophisticated, high-end, refined, calm, immersive, classic, depth, 3d, dimensional, perspective, zoom, gradual","elegant, sophisticated, high-end, refined, calm, immersive, classic, depth, 3d, dimensional, perspective, zoom, gradual, layered"
2026-08-30T14:10:34,65,lumina-orbit-scroll,Image_Background/lumina-orbit-scroll.html,tags,graceful,,"elegant, sophisticated, high-end, refined, calm, immersive, classic, depth, 3d, dimensional, perspective, zoom, gradual, layered","elegant, sophisticated, high-end, refined, calm, immersive, classic, depth, 3d, dimensional, perspective, zoom, gradual, layered, graceful"
2026-08-30T14:10:35,65,lumina-orbit-scroll,Image_Background/lumina-orbit-scroll.html,tags,modern,,"elegant, sophisticated, high-end, refined, calm, immersive, classic, depth, 3d, dimensional, perspective, zoom, gradual, layered, graceful","elegant, sophisticated, high-end, refined, calm, immersive, classic, depth, 3d, dimensional, perspective, zoom, gradual, layered, graceful, modern"
2026-08-30T14:10:38,65,lumina-orbit-scroll,Image_Background/lumina-orbit-scroll.html,approved,,,,2026-08-30T14:10:38
2026-08-30T14:12:10,66,manifest-expand-scroll,Image_Background/manifest-expand-scroll.html,tags,,minimal,"bold, impactful, graphic, confident, minimal, refined, high-end, cool, gradual, revealing, zoom, transformative, shape","bold, impactful, graphic, confident, refined, high-end, cool, gradual, revealing, zoom, transformative, shape"
2026-08-30T14:12:32,66,manifest-expand-scroll,Image_Background/manifest-expand-scroll.html,approved,,,,2026-08-30T14:12:32
2026-08-30T14:12:44,67,manifest-expand-scroll_02,Image_Background/manifest-expand-scroll_02.html,tags,,high-end,"bold, impactful, graphic, confident, minimal, refined, high-end, cool, gradual, revealing, zoom, transformative, shape","bold, impactful, graphic, confident, minimal, refined, cool, gradual, revealing, zoom, transformative, shape"
2026-08-30T14:12:48,67,manifest-expand-scroll_02,Image_Background/manifest-expand-scroll_02.html,tags,organic,,"bold, impactful, graphic, confident, minimal, refined, cool, gradual, revealing, zoom, transformative, shape","bold, impactful, graphic, confident, minimal, refined, cool, gradual, revealing, zoom, transformative, shape, organic"
2026-08-30T14:12:52,67,manifest-expand-scroll_02,Image_Background/manifest-expand-scroll_02.html,tags,expressive,,"bold, impactful, graphic, confident, minimal, refined, cool, gradual, revealing, zoom, transformative, shape, organic","bold, impactful, graphic, confident, minimal, refined, cool, gradual, revealing, zoom, transformative, shape, organic, expressive"
2026-08-30T14:12:53,67,manifest-expand-scroll_02,Image_Background/manifest-expand-scroll_02.html,approved,,,,2026-08-30T14:12:53
2026-08-30T14:14:10,68,pixel-churn,Image_Background/pixel-churn.html,tags,edgy,,"bold, graphic, impactful, techy, creative, surprising, expressive, endless, continuous, staggered, structured, revealing","bold, graphic, impactful, techy, creative, surprising, expressive, endless, continuous, staggered, structured, revealing, edgy"
2026-08-30T14:14:11,68,pixel-churn,Image_Background/pixel-churn.html,tags,dynamic,,"bold, graphic, impactful, techy, creative, surprising, expressive, endless, continuous, staggered, structured, revealing, edgy","bold, graphic, impactful, techy, creative, surprising, expressive, endless, continuous, staggered, structured, revealing, edgy, dynamic"
2026-08-30T14:14:11,68,pixel-churn,Image_Background/pixel-churn.html,tags,experimental,,"bold, graphic, impactful, techy, creative, surprising, expressive, endless, continuous, staggered, structured, revealing, edgy, dynamic","bold, graphic, impactful, techy, creative, surprising, expressive, endless, continuous, staggered, structured, revealing, edgy, dynamic, experimental"
2026-08-30T14:14:12,68,pixel-churn,Image_Background/pixel-churn.html,tags,attention-grabbing,,"bold, graphic, impactful, techy, creative, surprising, expressive, endless, continuous, staggered, structured, revealing, edgy, dynamic, experimental","bold, graphic, impactful, techy, creative, surprising, expressive, endless, continuous, staggered, structured, revealing, edgy, dynamic, experimental, attention-grabbing"
2026-08-30T14:14:14,68,pixel-churn,Image_Background/pixel-churn.html,tags,confident,,"bold, graphic, impactful, techy, creative, surprising, expressive, endless, continuous, staggered, structured, revealing, edgy, dynamic, experimental, attention-grabbing","bold, graphic, impactful, techy, creative, surprising, expressive, endless, continuous, staggered, structured, revealing, edgy, dynamic, experimental, attention-grabbing, confident"
2026-08-30T14:14:15,68,pixel-churn,Image_Background/pixel-churn.html,tags,artistic,,"bold, graphic, impactful, techy, creative, surprising, expressive, endless, continuous, staggered, structured, revealing, edgy, dynamic, experimental, attention-grabbing, confident","bold, graphic, impactful, techy, creative, surprising, expressive, endless, continuous, staggered, structured, revealing, edgy, dynamic, experimental, attention-grabbing, confident, artistic"
2026-08-30T14:14:16,68,pixel-churn,Image_Background/pixel-churn.html,tags,futuristic,,"bold, graphic, impactful, techy, creative, surprising, expressive, endless, continuous, staggered, structured, revealing, edgy, dynamic, experimental, attention-grabbing, confident, artistic","bold, graphic, impactful, techy, creative, surprising, expressive, endless, continuous, staggered, structured, revealing, edgy, dynamic, experimental, attention-grabbing, confident, artistic, futuristic"
2026-08-30T14:14:20,68,pixel-churn,Image_Background/pixel-churn.html,approved,,,,2026-08-30T14:14:20
2026-08-30T14:15:06,71,scroll-shape-morph,Image_Background/scroll-shape-morph.html,tags,,playful,"clean, minimal, playful, creative, elegant, graphic, refined, shape, transformative, organic, gradual, revealing","clean, minimal, creative, elegant, graphic, refined, shape, transformative, organic, gradual, revealing"
2026-08-30T14:15:11,71,scroll-shape-morph,Image_Background/scroll-shape-morph.html,tags,calm,,"clean, minimal, creative, elegant, graphic, refined, shape, transformative, organic, gradual, revealing","clean, minimal, creative, elegant, graphic, refined, shape, transformative, organic, gradual, revealing, calm"
2026-08-30T14:15:15,71,scroll-shape-morph,Image_Background/scroll-shape-morph.html,tags,high-end,,"clean, minimal, creative, elegant, graphic, refined, shape, transformative, organic, gradual, revealing, calm","clean, minimal, creative, elegant, graphic, refined, shape, transformative, organic, gradual, revealing, calm, high-end"
2026-08-30T14:15:17,71,scroll-shape-morph,Image_Background/scroll-shape-morph.html,tags,sophisticated,,"clean, minimal, creative, elegant, graphic, refined, shape, transformative, organic, gradual, revealing, calm, high-end","clean, minimal, creative, elegant, graphic, refined, shape, transformative, organic, gradual, revealing, calm, high-end, sophisticated"
2026-08-30T14:15:17,71,scroll-shape-morph,Image_Background/scroll-shape-morph.html,tags,modern,,"clean, minimal, creative, elegant, graphic, refined, shape, transformative, organic, gradual, revealing, calm, high-end, sophisticated","clean, minimal, creative, elegant, graphic, refined, shape, transformative, organic, gradual, revealing, calm, high-end, sophisticated, modern"
2026-08-30T14:15:18,71,scroll-shape-morph,Image_Background/scroll-shape-morph.html,approved,,,,2026-08-30T14:15:18
2026-08-30T14:15:28,73,staggered-stripes-reveal,Image_Background/staggered-stripes-reveal.html,tags,futuristic,,"bold, impactful, confident, dynamic, techy, polished, smooth, seamless, staggered, cascading, revealing, zoom, structured","bold, impactful, confident, dynamic, techy, polished, smooth, seamless, staggered, cascading, revealing, zoom, structured, futuristic"
2026-08-30T14:15:29,73,staggered-stripes-reveal,Image_Background/staggered-stripes-reveal.html,tags,edgy,,"bold, impactful, confident, dynamic, techy, polished, smooth, seamless, staggered, cascading, revealing, zoom, structured, futuristic","bold, impactful, confident, dynamic, techy, polished, smooth, seamless, staggered, cascading, revealing, zoom, structured, futuristic, edgy"
2026-08-30T14:15:30,73,staggered-stripes-reveal,Image_Background/staggered-stripes-reveal.html,tags,graphic,,"bold, impactful, confident, dynamic, techy, polished, smooth, seamless, staggered, cascading, revealing, zoom, structured, futuristic, edgy","bold, impactful, confident, dynamic, techy, polished, smooth, seamless, staggered, cascading, revealing, zoom, structured, futuristic, edgy, graphic"
2026-08-30T14:15:31,73,staggered-stripes-reveal,Image_Background/staggered-stripes-reveal.html,tags,cool,,"bold, impactful, confident, dynamic, techy, polished, smooth, seamless, staggered, cascading, revealing, zoom, structured, futuristic, edgy, graphic","bold, impactful, confident, dynamic, techy, polished, smooth, seamless, staggered, cascading, revealing, zoom, structured, futuristic, edgy, graphic, cool"
2026-08-30T14:15:31,73,staggered-stripes-reveal,Image_Background/staggered-stripes-reveal.html,tags,attention-grabbing,,"bold, impactful, confident, dynamic, techy, polished, smooth, seamless, staggered, cascading, revealing, zoom, structured, futuristic, edgy, graphic, cool","bold, impactful, confident, dynamic, techy, polished, smooth, seamless, staggered, cascading, revealing, zoom, structured, futuristic, edgy, graphic, cool, attention-grabbing"
2026-08-30T14:15:32,73,staggered-stripes-reveal,Image_Background/staggered-stripes-reveal.html,tags,expressive,,"bold, impactful, confident, dynamic, techy, polished, smooth, seamless, staggered, cascading, revealing, zoom, structured, futuristic, edgy, graphic, cool, attention-grabbing","bold, impactful, confident, dynamic, techy, polished, smooth, seamless, staggered, cascading, revealing, zoom, structured, futuristic, edgy, graphic, cool, attention-grabbing, expressive"
2026-08-30T14:15:34,73,staggered-stripes-reveal,Image_Background/staggered-stripes-reveal.html,tags,unique,,"bold, impactful, confident, dynamic, techy, polished, smooth, seamless, staggered, cascading, revealing, zoom, structured, futuristic, edgy, graphic, cool, attention-grabbing, expressive","bold, impactful, confident, dynamic, techy, polished, smooth, seamless, staggered, cascading, revealing, zoom, structured, futuristic, edgy, graphic, cool, attention-grabbing, expressive, unique"
2026-08-30T14:15:35,73,staggered-stripes-reveal,Image_Background/staggered-stripes-reveal.html,approved,,,,2026-08-30T14:15:35
2026-08-30T14:15:45,72,scroll-shape-shift-interior,Image_Background/scroll-shape-shift-interior.html,tags,modern,,"elegant, refined, clean, sophisticated, minimal, smooth, gradual, continuous, revealing, shape, transformative, organic","elegant, refined, clean, sophisticated, minimal, smooth, gradual, continuous, revealing, shape, transformative, organic, modern"
2026-08-30T14:15:46,72,scroll-shape-shift-interior,Image_Background/scroll-shape-shift-interior.html,tags,high-end,,"elegant, refined, clean, sophisticated, minimal, smooth, gradual, continuous, revealing, shape, transformative, organic, modern","elegant, refined, clean, sophisticated, minimal, smooth, gradual, continuous, revealing, shape, transformative, organic, modern, high-end"
2026-08-30T14:15:49,72,scroll-shape-shift-interior,Image_Background/scroll-shape-shift-interior.html,tags,gentle,,"elegant, refined, clean, sophisticated, minimal, smooth, gradual, continuous, revealing, shape, transformative, organic, modern, high-end","elegant, refined, clean, sophisticated, minimal, smooth, gradual, continuous, revealing, shape, transformative, organic, modern, high-end, gentle"
2026-08-30T14:15:51,72,scroll-shape-shift-interior,Image_Background/scroll-shape-shift-interior.html,tags,subtle,,"elegant, refined, clean, sophisticated, minimal, smooth, gradual, continuous, revealing, shape, transformative, organic, modern, high-end, gentle","elegant, refined, clean, sophisticated, minimal, smooth, gradual, continuous, revealing, shape, transformative, organic, modern, high-end, gentle, subtle"
2026-08-30T14:15:54,72,scroll-shape-shift-interior,Image_Background/scroll-shape-shift-interior.html,approved,,,,2026-08-30T14:15:54
2026-08-30T14:16:44,58,TextMask2Image,Image_Background/TextMask2Image.html,tags,cool,,"bold, impactful, graphic, attention-grabbing, elegant, clean, smooth, gradual, zoom, revealing, transformative, immersive","bold, impactful, graphic, attention-grabbing, elegant, clean, smooth, gradual, zoom, revealing, transformative, immersive, cool"
2026-08-30T14:16:46,58,TextMask2Image,Image_Background/TextMask2Image.html,tags,high-end,,"bold, impactful, graphic, attention-grabbing, elegant, clean, smooth, gradual, zoom, revealing, transformative, immersive, cool","bold, impactful, graphic, attention-grabbing, elegant, clean, smooth, gradual, zoom, revealing, transformative, immersive, cool, high-end"
2026-08-30T14:16:46,58,TextMask2Image,Image_Background/TextMask2Image.html,tags,modern,,"bold, impactful, graphic, attention-grabbing, elegant, clean, smooth, gradual, zoom, revealing, transformative, immersive, cool, high-end","bold, impactful, graphic, attention-grabbing, elegant, clean, smooth, gradual, zoom, revealing, transformative, immersive, cool, high-end, modern"
2026-08-30T14:16:48,58,TextMask2Image,Image_Background/TextMask2Image.html,tags,creative,,"bold, impactful, graphic, attention-grabbing, elegant, clean, smooth, gradual, zoom, revealing, transformative, immersive, cool, high-end, modern","bold, impactful, graphic, attention-grabbing, elegant, clean, smooth, gradual, zoom, revealing, transformative, immersive, cool, high-end, modern, creative"
2026-08-30T14:16:52,58,TextMask2Image,Image_Background/TextMask2Image.html,approved,,,,2026-08-30T14:16:52
2026-08-30T14:17:06,74,sticky-perspective-shrink,Image_Background/sticky-perspective-shrink.html,tags,modern,,"elegant, sophisticated, refined, high-end, classic, minimal, calm, gradual, depth, perspective, 3d, dimensional, zoom","elegant, sophisticated, refined, high-end, classic, minimal, calm, gradual, depth, perspective, 3d, dimensional, zoom, modern"
2026-08-30T14:17:08,74,sticky-perspective-shrink,Image_Background/sticky-perspective-shrink.html,tags,immersive,,"elegant, sophisticated, refined, high-end, classic, minimal, calm, gradual, depth, perspective, 3d, dimensional, zoom, modern","elegant, sophisticated, refined, high-end, classic, minimal, calm, gradual, depth, perspective, 3d, dimensional, zoom, modern, immersive"
2026-08-30T14:17:19,74,sticky-perspective-shrink,Image_Background/sticky-perspective-shrink.html,tags,graceful,,"elegant, sophisticated, refined, high-end, classic, minimal, calm, gradual, depth, perspective, 3d, dimensional, zoom, modern, immersive","elegant, sophisticated, refined, high-end, classic, minimal, calm, gradual, depth, perspective, 3d, dimensional, zoom, modern, immersive, graceful"
2026-08-30T14:17:29,74,sticky-perspective-shrink,Image_Background/sticky-perspective-shrink.html,tags,,classic,"elegant, sophisticated, refined, high-end, classic, minimal, calm, gradual, depth, perspective, 3d, dimensional, zoom, modern, immersive, graceful","elegant, sophisticated, refined, high-end, minimal, calm, gradual, depth, perspective, 3d, dimensional, zoom, modern, immersive, graceful"
2026-08-30T14:17:32,74,sticky-perspective-shrink,Image_Background/sticky-perspective-shrink.html,tags,,minimal,"elegant, sophisticated, refined, high-end, minimal, calm, gradual, depth, perspective, 3d, dimensional, zoom, modern, immersive, graceful","elegant, sophisticated, refined, high-end, calm, gradual, depth, perspective, 3d, dimensional, zoom, modern, immersive, graceful"
2026-08-30T14:17:34,74,sticky-perspective-shrink,Image_Background/sticky-perspective-shrink.html,approved,,,,2026-08-30T14:17:34
2026-08-30T14:17:42,89,Blurry_Transition,Typographic_interactions/Blurry_Transition.html,tags,cloudy,,"gentle, soft, calm, subtle, smooth, gradual, elegant, classic, refined, understated, minimal, revealing","gentle, soft, calm, subtle, smooth, gradual, elegant, classic, refined, understated, minimal, revealing, cloudy"
2026-08-30T14:17:43,89,Blurry_Transition,Typographic_interactions/Blurry_Transition.html,tags,clean,,"gentle, soft, calm, subtle, smooth, gradual, elegant, classic, refined, understated, minimal, revealing, cloudy","gentle, soft, calm, subtle, smooth, gradual, elegant, classic, refined, understated, minimal, revealing, cloudy, clean"
2026-08-30T14:17:56,89,Blurry_Transition,Typographic_interactions/Blurry_Transition.html,tags,transformative,,"gentle, soft, calm, subtle, smooth, gradual, elegant, classic, refined, understated, minimal, revealing, cloudy, clean","gentle, soft, calm, subtle, smooth, gradual, elegant, classic, refined, understated, minimal, revealing, cloudy, clean, transformative"
2026-08-30T14:17:58,89,Blurry_Transition,Typographic_interactions/Blurry_Transition.html,tags,sophisticated,,"gentle, soft, calm, subtle, smooth, gradual, elegant, classic, refined, understated, minimal, revealing, cloudy, clean, transformative","gentle, soft, calm, subtle, smooth, gradual, elegant, classic, refined, understated, minimal, revealing, cloudy, clean, transformative, sophisticated"
2026-08-30T14:17:59,89,Blurry_Transition,Typographic_interactions/Blurry_Transition.html,approved,,,,2026-08-30T14:17:59
2026-08-30T14:18:09,100,RiseOfTheDead,Typographic_interactions/RiseOfTheDead.html,tags,gentle,,"elegant, sophisticated, classic, refined, high-end, gradual, smooth, immersive, depth, 3d, dimensional, perspective, staggered","elegant, sophisticated, classic, refined, high-end, gradual, smooth, immersive, depth, 3d, dimensional, perspective, staggered, gentle"
2026-08-30T14:18:10,100,RiseOfTheDead,Typographic_interactions/RiseOfTheDead.html,tags,modern,,"elegant, sophisticated, classic, refined, high-end, gradual, smooth, immersive, depth, 3d, dimensional, perspective, staggered, gentle","elegant, sophisticated, classic, refined, high-end, gradual, smooth, immersive, depth, 3d, dimensional, perspective, staggered, gentle, modern"
2026-08-30T14:18:11,100,RiseOfTheDead,Typographic_interactions/RiseOfTheDead.html,tags,layered,,"elegant, sophisticated, classic, refined, high-end, gradual, smooth, immersive, depth, 3d, dimensional, perspective, staggered, gentle, modern","elegant, sophisticated, classic, refined, high-end, gradual, smooth, immersive, depth, 3d, dimensional, perspective, staggered, gentle, modern, layered"
2026-08-30T14:18:13,100,RiseOfTheDead,Typographic_interactions/RiseOfTheDead.html,tags,graceful,,"elegant, sophisticated, classic, refined, high-end, gradual, smooth, immersive, depth, 3d, dimensional, perspective, staggered, gentle, modern, layered","elegant, sophisticated, classic, refined, high-end, gradual, smooth, immersive, depth, 3d, dimensional, perspective, staggered, gentle, modern, layered, graceful"
2026-08-30T14:18:22,100,RiseOfTheDead,Typographic_interactions/RiseOfTheDead.html,tags,artistic,,"elegant, sophisticated, classic, refined, high-end, gradual, smooth, immersive, depth, 3d, dimensional, perspective, staggered, gentle, modern, layered, graceful","elegant, sophisticated, classic, refined, high-end, gradual, smooth, immersive, depth, 3d, dimensional, perspective, staggered, gentle, modern, layered, graceful, artistic"
2026-08-30T14:18:24,100,RiseOfTheDead,Typographic_interactions/RiseOfTheDead.html,tags,unique,,"elegant, sophisticated, classic, refined, high-end, gradual, smooth, immersive, depth, 3d, dimensional, perspective, staggered, gentle, modern, layered, graceful, artistic","elegant, sophisticated, classic, refined, high-end, gradual, smooth, immersive, depth, 3d, dimensional, perspective, staggered, gentle, modern, layered, graceful, artistic, unique"
2026-08-30T14:18:28,100,RiseOfTheDead,Typographic_interactions/RiseOfTheDead.html,tags,creative,,"elegant, sophisticated, classic, refined, high-end, gradual, smooth, immersive, depth, 3d, dimensional, perspective, staggered, gentle, modern, layered, graceful, artistic, unique","elegant, sophisticated, classic, refined, high-end, gradual, smooth, immersive, depth, 3d, dimensional, perspective, staggered, gentle, modern, layered, graceful, artistic, unique, creative"
2026-08-30T14:18:29,100,RiseOfTheDead,Typographic_interactions/RiseOfTheDead.html,approved,,,,2026-08-30T14:18:29
2026-08-30T14:19:47,70,rift-slit-reveal,Image_Background/rift-slit-reveal.html,tags,,minimal,"elegant, minimal, refined, high-end, bold, sophisticated, cool, revealing, shape, zoom, gradual, staggered, transformative","elegant, refined, high-end, bold, sophisticated, cool, revealing, shape, zoom, gradual, staggered, transformative"
2026-08-30T14:20:00,70,rift-slit-reveal,Image_Background/rift-slit-reveal.html,tags,organic,,"elegant, refined, high-end, bold, sophisticated, cool, revealing, shape, zoom, gradual, staggered, transformative","elegant, refined, high-end, bold, sophisticated, cool, revealing, shape, zoom, gradual, staggered, transformative, organic"
2026-08-30T14:20:02,70,rift-slit-reveal,Image_Background/rift-slit-reveal.html,tags,smooth,,"elegant, refined, high-end, bold, sophisticated, cool, revealing, shape, zoom, gradual, staggered, transformative, organic","elegant, refined, high-end, bold, sophisticated, cool, revealing, shape, zoom, gradual, staggered, transformative, organic, smooth"
2026-08-30T14:20:03,70,rift-slit-reveal,Image_Background/rift-slit-reveal.html,tags,modern,,"elegant, refined, high-end, bold, sophisticated, cool, revealing, shape, zoom, gradual, staggered, transformative, organic, smooth","elegant, refined, high-end, bold, sophisticated, cool, revealing, shape, zoom, gradual, staggered, transformative, organic, smooth, modern"
2026-08-30T14:20:08,70,rift-slit-reveal,Image_Background/rift-slit-reveal.html,approved,,,,2026-08-30T14:20:08
2026-08-30T14:20:17,69,rift-slit-reveal-02,Image_Background/rift-slit-reveal-02.html,tags,smooth,,"elegant, minimal, refined, high-end, bold, sophisticated, cool, revealing, shape, zoom, gradual, staggered, transformative","elegant, minimal, refined, high-end, bold, sophisticated, cool, revealing, shape, zoom, gradual, staggered, transformative, smooth"
2026-08-30T14:20:17,69,rift-slit-reveal-02,Image_Background/rift-slit-reveal-02.html,tags,modern,,"elegant, minimal, refined, high-end, bold, sophisticated, cool, revealing, shape, zoom, gradual, staggered, transformative, smooth","elegant, minimal, refined, high-end, bold, sophisticated, cool, revealing, shape, zoom, gradual, staggered, transformative, smooth, modern"
2026-08-30T14:20:18,69,rift-slit-reveal-02,Image_Background/rift-slit-reveal-02.html,tags,continuous,,"elegant, minimal, refined, high-end, bold, sophisticated, cool, revealing, shape, zoom, gradual, staggered, transformative, smooth, modern","elegant, minimal, refined, high-end, bold, sophisticated, cool, revealing, shape, zoom, gradual, staggered, transformative, smooth, modern, continuous"
2026-08-30T14:20:24,69,rift-slit-reveal-02,Image_Background/rift-slit-reveal-02.html,tags,,minimal,"elegant, minimal, refined, high-end, bold, sophisticated, cool, revealing, shape, zoom, gradual, staggered, transformative, smooth, modern, continuous","elegant, refined, high-end, bold, sophisticated, cool, revealing, shape, zoom, gradual, staggered, transformative, smooth, modern, continuous"
2026-08-30T14:20:32,69,rift-slit-reveal-02,Image_Background/rift-slit-reveal-02.html,approved,,,,2026-08-30T14:20:32
2026-08-30T14:21:01,152,scroll-tilt-reveal,text_Image/scroll-tilt-reveal.html,approved,,,,2026-08-30T14:21:01
2026-08-30T14:21:34,153,shape-mask-parallax,text_Image/shape-mask-parallax.html,tags,unconventional,,"revealing, shape, graphic, transformative, bold, creative, organic, artistic, expressive, layered, minimal, surprising, unique","revealing, shape, graphic, transformative, bold, creative, organic, artistic, expressive, layered, minimal, surprising, unique, unconventional"
2026-08-30T14:21:36,153,shape-mask-parallax,text_Image/shape-mask-parallax.html,tags,dynamic,,"revealing, shape, graphic, transformative, bold, creative, organic, artistic, expressive, layered, minimal, surprising, unique, unconventional","revealing, shape, graphic, transformative, bold, creative, organic, artistic, expressive, layered, minimal, surprising, unique, unconventional, dynamic"
2026-08-30T14:21:38,153,shape-mask-parallax,text_Image/shape-mask-parallax.html,tags,cool,,"revealing, shape, graphic, transformative, bold, creative, organic, artistic, expressive, layered, minimal, surprising, unique, unconventional, dynamic","revealing, shape, graphic, transformative, bold, creative, organic, artistic, expressive, layered, minimal, surprising, unique, unconventional, dynamic, cool"
2026-08-30T14:21:39,153,shape-mask-parallax,text_Image/shape-mask-parallax.html,approved,,,,2026-08-30T14:21:39
2026-08-30T14:21:59,154,single screen parallax,text_Image/single screen parallax .html,tags,playful,,"bold, graphic, attention-grabbing, interactive, horizontal, impactful, edgy, alive, zoom, flowing, poppy, gradual, expressive","bold, graphic, attention-grabbing, interactive, horizontal, impactful, edgy, alive, zoom, flowing, poppy, gradual, expressive, playful"
2026-08-30T14:21:59,154,single screen parallax,text_Image/single screen parallax .html,tags,dynamic,,"bold, graphic, attention-grabbing, interactive, horizontal, impactful, edgy, alive, zoom, flowing, poppy, gradual, expressive, playful","bold, graphic, attention-grabbing, interactive, horizontal, impactful, edgy, alive, zoom, flowing, poppy, gradual, expressive, playful, dynamic"
2026-08-30T14:22:01,154,single screen parallax,text_Image/single screen parallax .html,tags,surprising,,"bold, graphic, attention-grabbing, interactive, horizontal, impactful, edgy, alive, zoom, flowing, poppy, gradual, expressive, playful, dynamic","bold, graphic, attention-grabbing, interactive, horizontal, impactful, edgy, alive, zoom, flowing, poppy, gradual, expressive, playful, dynamic, surprising"
2026-08-30T14:22:04,154,single screen parallax,text_Image/single screen parallax .html,tags,energetic,,"bold, graphic, attention-grabbing, interactive, horizontal, impactful, edgy, alive, zoom, flowing, poppy, gradual, expressive, playful, dynamic, surprising","bold, graphic, attention-grabbing, interactive, horizontal, impactful, edgy, alive, zoom, flowing, poppy, gradual, expressive, playful, dynamic, surprising, energetic"
2026-08-30T14:22:05,154,single screen parallax,text_Image/single screen parallax .html,approved,,,,2026-08-30T14:22:05
2026-08-30T14:22:28,155,slab-pull,text_Image/slab-pull.html,tags,,minimal,"bold, graphic, revealing, staggered, impactful, minimal, cascading, clean, confident, transformative, edgy, structured, surprising","bold, graphic, revealing, staggered, impactful, cascading, clean, confident, transformative, edgy, structured, surprising"
2026-08-30T14:22:31,155,slab-pull,text_Image/slab-pull.html,tags,,clean,"bold, graphic, revealing, staggered, impactful, cascading, clean, confident, transformative, edgy, structured, surprising","bold, graphic, revealing, staggered, impactful, cascading, confident, transformative, edgy, structured, surprising"
2026-08-30T14:22:36,155,slab-pull,text_Image/slab-pull.html,tags,techy,,"bold, graphic, revealing, staggered, impactful, cascading, confident, transformative, edgy, structured, surprising","bold, graphic, revealing, staggered, impactful, cascading, confident, transformative, edgy, structured, surprising, techy"
2026-08-30T14:22:37,155,slab-pull,text_Image/slab-pull.html,tags,attention-grabbing,,"bold, graphic, revealing, staggered, impactful, cascading, confident, transformative, edgy, structured, surprising, techy","bold, graphic, revealing, staggered, impactful, cascading, confident, transformative, edgy, structured, surprising, techy, attention-grabbing"
2026-08-30T14:22:40,155,slab-pull,text_Image/slab-pull.html,tags,futuristic,,"bold, graphic, revealing, staggered, impactful, cascading, confident, transformative, edgy, structured, surprising, techy, attention-grabbing","bold, graphic, revealing, staggered, impactful, cascading, confident, transformative, edgy, structured, surprising, techy, attention-grabbing, futuristic"
2026-08-30T14:22:43,155,slab-pull,text_Image/slab-pull.html,approved,,,,2026-08-30T14:22:43
2026-08-30T14:23:59,156,whip-swivel,text_Image/whip-swivel.html,tags,immersive,,"depth, 3d, dimensional, bold, perspective, graphic, minimal, clean, horizontal, confident, transformative, surprising, smooth","depth, 3d, dimensional, bold, perspective, graphic, minimal, clean, horizontal, confident, transformative, surprising, smooth, immersive"
2026-08-30T14:24:00,156,whip-swivel,text_Image/whip-swivel.html,tags,layered,,"depth, 3d, dimensional, bold, perspective, graphic, minimal, clean, horizontal, confident, transformative, surprising, smooth, immersive","depth, 3d, dimensional, bold, perspective, graphic, minimal, clean, horizontal, confident, transformative, surprising, smooth, immersive, layered"
2026-08-30T14:24:02,156,whip-swivel,text_Image/whip-swivel.html,tags,modern,,"depth, 3d, dimensional, bold, perspective, graphic, minimal, clean, horizontal, confident, transformative, surprising, smooth, immersive, layered","depth, 3d, dimensional, bold, perspective, graphic, minimal, clean, horizontal, confident, transformative, surprising, smooth, immersive, layered, modern"
2026-08-30T14:24:03,156,whip-swivel,text_Image/whip-swivel.html,approved,,,,2026-08-30T14:24:03
2026-08-30T14:24:09,157,whip-turn,text_Image/whip-turn.html,tags,immersive,,"depth, 3d, dimensional, bold, perspective, graphic, minimal, clean, vertical, confident, transformative, surprising, smooth","depth, 3d, dimensional, bold, perspective, graphic, minimal, clean, vertical, confident, transformative, surprising, smooth, immersive"
2026-08-30T14:24:11,157,whip-turn,text_Image/whip-turn.html,tags,revealing,,"depth, 3d, dimensional, bold, perspective, graphic, minimal, clean, vertical, confident, transformative, surprising, smooth, immersive","depth, 3d, dimensional, bold, perspective, graphic, minimal, clean, vertical, confident, transformative, surprising, smooth, immersive, revealing"
2026-08-30T14:24:24,157,whip-turn,text_Image/whip-turn.html,tags,spatial,,"depth, 3d, dimensional, bold, perspective, graphic, minimal, clean, vertical, confident, transformative, surprising, smooth, immersive, revealing","depth, 3d, dimensional, bold, perspective, graphic, minimal, clean, vertical, confident, transformative, surprising, smooth, immersive, revealing, spatial"
2026-08-30T14:24:26,157,whip-turn,text_Image/whip-turn.html,approved,,,,2026-08-30T14:24:26
2026-08-30T14:27:16,109,Vshape_Headline,Typographic_interactions/Vshape_Headline.html,tags,edgy,,"playful, poppy, fun, energetic, charming, bold, dynamic, expressive, staggered, vertical, shape, cascading, gradual","playful, poppy, fun, energetic, charming, bold, dynamic, expressive, staggered, vertical, shape, cascading, gradual, edgy"
2026-08-30T14:27:18,109,Vshape_Headline,Typographic_interactions/Vshape_Headline.html,tags,cool,,"playful, poppy, fun, energetic, charming, bold, dynamic, expressive, staggered, vertical, shape, cascading, gradual, edgy","playful, poppy, fun, energetic, charming, bold, dynamic, expressive, staggered, vertical, shape, cascading, gradual, edgy, cool"
2026-08-30T14:27:19,109,Vshape_Headline,Typographic_interactions/Vshape_Headline.html,approved,,,,2026-08-30T14:27:19
2026-08-30T14:27:54,95,Marquee_Scroll_Velocity,Typographic_interactions/Marquee_Scroll_Velocity.html,tags,techy,,"bold, graphic, impactful, attention-grabbing, dynamic, energetic, edgy, endless, horizontal, continuous, seamless, flowing, immersive","bold, graphic, impactful, attention-grabbing, dynamic, energetic, edgy, endless, horizontal, continuous, seamless, flowing, immersive, techy"
2026-08-30T14:27:57,95,Marquee_Scroll_Velocity,Typographic_interactions/Marquee_Scroll_Velocity.html,approved,,,,2026-08-30T14:27:57
2026-08-30T14:28:18,90,Circular_Scroll_Nav,Typographic_interactions/Circular_Scroll_Nav.html,tags,edgy,,"circular, spiraling, dynamic, bold, staggered, structured, organized, playful, poppy, alive, confident, cool","circular, spiraling, dynamic, bold, staggered, structured, organized, playful, poppy, alive, confident, cool, edgy"
2026-08-30T14:28:21,90,Circular_Scroll_Nav,Typographic_interactions/Circular_Scroll_Nav.html,tags,surprising,,"circular, spiraling, dynamic, bold, staggered, structured, organized, playful, poppy, alive, confident, cool, edgy","circular, spiraling, dynamic, bold, staggered, structured, organized, playful, poppy, alive, confident, cool, edgy, surprising"
2026-08-30T14:28:23,90,Circular_Scroll_Nav,Typographic_interactions/Circular_Scroll_Nav.html,tags,vertical,,"circular, spiraling, dynamic, bold, staggered, structured, organized, playful, poppy, alive, confident, cool, edgy, surprising","circular, spiraling, dynamic, bold, staggered, structured, organized, playful, poppy, alive, confident, cool, edgy, surprising, vertical"
2026-08-30T14:28:25,90,Circular_Scroll_Nav,Typographic_interactions/Circular_Scroll_Nav.html,approved,,,,2026-08-30T14:28:25
2026-08-30T14:28:38,98,Paragraph_mask_scroll,Typographic_interactions/Paragraph_mask_scroll.html,approved,,,,2026-08-30T14:28:38
2026-08-30T14:30:09,103,Scroll_Paragraph_Reveal,Typographic_interactions/Scroll_Paragraph_Reveal.html,tags,classic,,"smooth, gradual, flowing, effortless, continuous, elegant, refined, understated, minimal, revealing, staggered, transformative, vertical","smooth, gradual, flowing, effortless, continuous, elegant, refined, understated, minimal, revealing, staggered, transformative, vertical, classic"
2026-08-30T14:30:11,103,Scroll_Paragraph_Reveal,Typographic_interactions/Scroll_Paragraph_Reveal.html,tags,calm,,"smooth, gradual, flowing, effortless, continuous, elegant, refined, understated, minimal, revealing, staggered, transformative, vertical, classic","smooth, gradual, flowing, effortless, continuous, elegant, refined, understated, minimal, revealing, staggered, transformative, vertical, classic, calm"
2026-08-30T14:30:11,103,Scroll_Paragraph_Reveal,Typographic_interactions/Scroll_Paragraph_Reveal.html,tags,subtle,,"smooth, gradual, flowing, effortless, continuous, elegant, refined, understated, minimal, revealing, staggered, transformative, vertical, classic, calm","smooth, gradual, flowing, effortless, continuous, elegant, refined, understated, minimal, revealing, staggered, transformative, vertical, classic, calm, subtle"
2026-08-30T14:30:12,103,Scroll_Paragraph_Reveal,Typographic_interactions/Scroll_Paragraph_Reveal.html,tags,soft,,"smooth, gradual, flowing, effortless, continuous, elegant, refined, understated, minimal, revealing, staggered, transformative, vertical, classic, calm, subtle","smooth, gradual, flowing, effortless, continuous, elegant, refined, understated, minimal, revealing, staggered, transformative, vertical, classic, calm, subtle, soft"
2026-08-30T14:30:13,103,Scroll_Paragraph_Reveal,Typographic_interactions/Scroll_Paragraph_Reveal.html,tags,clean,,"smooth, gradual, flowing, effortless, continuous, elegant, refined, understated, minimal, revealing, staggered, transformative, vertical, classic, calm, subtle, soft","smooth, gradual, flowing, effortless, continuous, elegant, refined, understated, minimal, revealing, staggered, transformative, vertical, classic, calm, subtle, soft, clean"
2026-08-30T14:30:18,103,Scroll_Paragraph_Reveal,Typographic_interactions/Scroll_Paragraph_Reveal.html,approved,,,,2026-08-30T14:30:18
2026-08-30T14:30:29,92,Gooey_text,Typographic_interactions/Gooey_text.html,tags,artistic,,"experimental, bold, graphic, creative, unique, edgy, attention-grabbing, organic, transformative, revealing, endless, continuous, immersive","experimental, bold, graphic, creative, unique, edgy, attention-grabbing, organic, transformative, revealing, endless, continuous, immersive, artistic"
2026-08-30T14:30:32,92,Gooey_text,Typographic_interactions/Gooey_text.html,tags,impactful,,"experimental, bold, graphic, creative, unique, edgy, attention-grabbing, organic, transformative, revealing, endless, continuous, immersive, artistic","experimental, bold, graphic, creative, unique, edgy, attention-grabbing, organic, transformative, revealing, endless, continuous, immersive, artistic, impactful"
2026-08-30T14:30:33,92,Gooey_text,Typographic_interactions/Gooey_text.html,tags,unconventional,,"experimental, bold, graphic, creative, unique, edgy, attention-grabbing, organic, transformative, revealing, endless, continuous, immersive, artistic, impactful","experimental, bold, graphic, creative, unique, edgy, attention-grabbing, organic, transformative, revealing, endless, continuous, immersive, artistic, impactful, unconventional"
2026-08-30T14:30:34,92,Gooey_text,Typographic_interactions/Gooey_text.html,tags,dynamic,,"experimental, bold, graphic, creative, unique, edgy, attention-grabbing, organic, transformative, revealing, endless, continuous, immersive, artistic, impactful, unconventional","experimental, bold, graphic, creative, unique, edgy, attention-grabbing, organic, transformative, revealing, endless, continuous, immersive, artistic, impactful, unconventional, dynamic"
2026-08-30T14:30:35,92,Gooey_text,Typographic_interactions/Gooey_text.html,tags,expressive,,"experimental, bold, graphic, creative, unique, edgy, attention-grabbing, organic, transformative, revealing, endless, continuous, immersive, artistic, impactful, unconventional, dynamic","experimental, bold, graphic, creative, unique, edgy, attention-grabbing, organic, transformative, revealing, endless, continuous, immersive, artistic, impactful, unconventional, dynamic, expressive"
2026-08-30T14:30:36,92,Gooey_text,Typographic_interactions/Gooey_text.html,tags,surprising,,"experimental, bold, graphic, creative, unique, edgy, attention-grabbing, organic, transformative, revealing, endless, continuous, immersive, artistic, impactful, unconventional, dynamic, expressive","experimental, bold, graphic, creative, unique, edgy, attention-grabbing, organic, transformative, revealing, endless, continuous, immersive, artistic, impactful, unconventional, dynamic, expressive, surprising"
2026-08-30T14:30:38,92,Gooey_text,Typographic_interactions/Gooey_text.html,approved,,,,2026-08-30T14:30:38
2026-08-30T14:32:13,88,Aura Stack,Typographic_interactions/Aura Stack.html,tags,,minimal,"smooth, clean, minimal, refined, elegant, sophisticated, understated, polished, seamless, revealing, staggered, layered","smooth, clean, refined, elegant, sophisticated, understated, polished, seamless, revealing, staggered, layered"
2026-08-30T14:32:17,88,Aura Stack,Typographic_interactions/Aura Stack.html,tags,graceful,,"smooth, clean, refined, elegant, sophisticated, understated, polished, seamless, revealing, staggered, layered","smooth, clean, refined, elegant, sophisticated, understated, polished, seamless, revealing, staggered, layered, graceful"
2026-08-30T14:32:20,88,Aura Stack,Typographic_interactions/Aura Stack.html,tags,gentle,,"smooth, clean, refined, elegant, sophisticated, understated, polished, seamless, revealing, staggered, layered, graceful","smooth, clean, refined, elegant, sophisticated, understated, polished, seamless, revealing, staggered, layered, graceful, gentle"
2026-08-30T14:32:22,88,Aura Stack,Typographic_interactions/Aura Stack.html,tags,high-end,,"smooth, clean, refined, elegant, sophisticated, understated, polished, seamless, revealing, staggered, layered, graceful, gentle","smooth, clean, refined, elegant, sophisticated, understated, polished, seamless, revealing, staggered, layered, graceful, gentle, high-end"
2026-08-30T14:32:23,88,Aura Stack,Typographic_interactions/Aura Stack.html,approved,,,,2026-08-30T14:32:23
2026-08-30T14:32:35,91,Editorial Text Reveal,Typographic_interactions/Editorial Text Reveal.html,tags,horizontal scroll,,"smooth, clean, minimal, refined, sophisticated, elegant, polished, structured, gradual, horizontal, layered, revealing, staggered","smooth, clean, minimal, refined, sophisticated, elegant, polished, structured, gradual, horizontal, layered, revealing, staggered, horizontal scroll"
2026-08-30T14:35:24,91,Editorial Text Reveal,Typographic_interactions/Editorial Text Reveal.html,tags,,minimal,"smooth, clean, minimal, refined, sophisticated, elegant, polished, structured, gradual, horizontal, layered, revealing, staggered, horizontal scroll","smooth, clean, refined, sophisticated, elegant, polished, structured, gradual, horizontal, layered, revealing, staggered, horizontal scroll"
2026-08-30T14:35:38,91,Editorial Text Reveal,Typographic_interactions/Editorial Text Reveal.html,approved,,,,2026-08-30T14:35:38
2026-08-30T14:35:52,99,Ripple_Hover,Typographic_interactions/Ripple_Hover.html,tags,energetic,,"techy, futuristic, bold, interactive, graphic, edgy, experimental, impactful, attention-grabbing, alive, layered, staggered, cascading","techy, futuristic, bold, interactive, graphic, edgy, experimental, impactful, attention-grabbing, alive, layered, staggered, cascading, energetic"
2026-08-30T14:35:54,99,Ripple_Hover,Typographic_interactions/Ripple_Hover.html,approved,,,,2026-08-30T14:35:54
2026-08-30T14:36:11,106,Tech_ Glitch,Typographic_interactions/Tech_ Glitch.html,approved,,,,2026-08-30T14:36:11
2026-08-30T14:36:16,106,Tech_ Glitch,Typographic_interactions/Tech_ Glitch.html,tags,,horizontal,"techy, futuristic, edgy, experimental, unconventional, surprising, cool, graphic, dynamic, revealing, staggered, transformative, horizontal","techy, futuristic, edgy, experimental, unconventional, surprising, cool, graphic, dynamic, revealing, staggered, transformative"
2026-08-30T14:36:21,106,Tech_ Glitch,Typographic_interactions/Tech_ Glitch.html,tags,vertical,,"techy, futuristic, edgy, experimental, unconventional, surprising, cool, graphic, dynamic, revealing, staggered, transformative","techy, futuristic, edgy, experimental, unconventional, surprising, cool, graphic, dynamic, revealing, staggered, transformative, vertical"
2026-08-30T14:36:33,96,Mindshift Transition,Typographic_interactions/Mindshift Transition.html,tags,immersive,,"bold, impactful, graphic, attention-grabbing, confident, elegant, sophisticated, revealing, transformative, shape, horizontal, gradual, continuous","bold, impactful, graphic, attention-grabbing, confident, elegant, sophisticated, revealing, transformative, shape, horizontal, gradual, continuous, immersive"
2026-08-30T14:36:35,96,Mindshift Transition,Typographic_interactions/Mindshift Transition.html,tags,organic,,"bold, impactful, graphic, attention-grabbing, confident, elegant, sophisticated, revealing, transformative, shape, horizontal, gradual, continuous, immersive","bold, impactful, graphic, attention-grabbing, confident, elegant, sophisticated, revealing, transformative, shape, horizontal, gradual, continuous, immersive, organic"
2026-08-30T14:36:40,96,Mindshift Transition,Typographic_interactions/Mindshift Transition.html,approved,,,,2026-08-30T14:36:40
2026-08-30T14:36:55,107,The Iris Gate,Typographic_interactions/The Iris Gate.html,tags,edgy,,"bold, impactful, graphic, attention-grabbing, sophisticated, artistic, immersive, gradual, continuous, revealing, shape, transformative","bold, impactful, graphic, attention-grabbing, sophisticated, artistic, immersive, gradual, continuous, revealing, shape, transformative, edgy"
2026-08-30T14:36:57,107,The Iris Gate,Typographic_interactions/The Iris Gate.html,tags,creative,,"bold, impactful, graphic, attention-grabbing, sophisticated, artistic, immersive, gradual, continuous, revealing, shape, transformative, edgy","bold, impactful, graphic, attention-grabbing, sophisticated, artistic, immersive, gradual, continuous, revealing, shape, transformative, edgy, creative"
2026-08-30T14:36:58,107,The Iris Gate,Typographic_interactions/The Iris Gate.html,tags,dynamic,,"bold, impactful, graphic, attention-grabbing, sophisticated, artistic, immersive, gradual, continuous, revealing, shape, transformative, edgy, creative","bold, impactful, graphic, attention-grabbing, sophisticated, artistic, immersive, gradual, continuous, revealing, shape, transformative, edgy, creative, dynamic"
2026-08-30T14:37:08,107,The Iris Gate,Typographic_interactions/The Iris Gate.html,approved,,,,2026-08-30T14:37:08
2026-08-30T14:38:01,97,Mirror_Mouse_Track,Typographic_interactions/Mirror_Mouse_Track.html,tags,spatial,,"elegant, sophisticated, refined, interactive, high-end, minimal, smooth, alive, immersive, depth, 3d, dimensional, perspective","elegant, sophisticated, refined, interactive, high-end, minimal, smooth, alive, immersive, depth, 3d, dimensional, perspective, spatial"
2026-08-30T14:38:03,97,Mirror_Mouse_Track,Typographic_interactions/Mirror_Mouse_Track.html,tags,calm,,"elegant, sophisticated, refined, interactive, high-end, minimal, smooth, alive, immersive, depth, 3d, dimensional, perspective, spatial","elegant, sophisticated, refined, interactive, high-end, minimal, smooth, alive, immersive, depth, 3d, dimensional, perspective, spatial, calm"
2026-08-30T14:38:05,97,Mirror_Mouse_Track,Typographic_interactions/Mirror_Mouse_Track.html,tags,modern,,"elegant, sophisticated, refined, interactive, high-end, minimal, smooth, alive, immersive, depth, 3d, dimensional, perspective, spatial, calm","elegant, sophisticated, refined, interactive, high-end, minimal, smooth, alive, immersive, depth, 3d, dimensional, perspective, spatial, calm, modern"
2026-08-30T14:38:12,97,Mirror_Mouse_Track,Typographic_interactions/Mirror_Mouse_Track.html,approved,,,,2026-08-30T14:38:12
2026-08-30T14:38:20,105,Strobe_Headline,Typographic_interactions/Strobe_Headline.html,tags,energetic,,"bold, impactful, attention-grabbing, futuristic, techy, immersive, edgy, cool, graphic, dynamic, layered, staggered, polished","bold, impactful, attention-grabbing, futuristic, techy, immersive, edgy, cool, graphic, dynamic, layered, staggered, polished, energetic"
2026-08-30T14:38:21,105,Strobe_Headline,Typographic_interactions/Strobe_Headline.html,tags,unique,,"bold, impactful, attention-grabbing, futuristic, techy, immersive, edgy, cool, graphic, dynamic, layered, staggered, polished, energetic","bold, impactful, attention-grabbing, futuristic, techy, immersive, edgy, cool, graphic, dynamic, layered, staggered, polished, energetic, unique"
2026-08-30T14:38:24,105,Strobe_Headline,Typographic_interactions/Strobe_Headline.html,tags,artistic,,"bold, impactful, attention-grabbing, futuristic, techy, immersive, edgy, cool, graphic, dynamic, layered, staggered, polished, energetic, unique","bold, impactful, attention-grabbing, futuristic, techy, immersive, edgy, cool, graphic, dynamic, layered, staggered, polished, energetic, unique, artistic"
2026-08-30T14:38:31,105,Strobe_Headline,Typographic_interactions/Strobe_Headline.html,tags,,layered,"bold, impactful, attention-grabbing, futuristic, techy, immersive, edgy, cool, graphic, dynamic, layered, staggered, polished, energetic, unique, artistic","bold, impactful, attention-grabbing, futuristic, techy, immersive, edgy, cool, graphic, dynamic, staggered, polished, energetic, unique, artistic"
2026-08-30T14:38:32,105,Strobe_Headline,Typographic_interactions/Strobe_Headline.html,approved,,,,2026-08-30T14:38:32
2026-08-30T14:38:47,114,stacked-text-cards-scroll,Typographic_interactions/stacked-text-cards-scroll.html,tags,layering,,"elegant, clean, smooth, gentle, polished, layered, depth, refined, silky, structured, staggered, effortless","elegant, clean, smooth, gentle, polished, layered, depth, refined, silky, structured, staggered, effortless, layering"
2026-08-30T14:38:48,114,stacked-text-cards-scroll,Typographic_interactions/stacked-text-cards-scroll.html,tags,flowing,,"elegant, clean, smooth, gentle, polished, layered, depth, refined, silky, structured, staggered, effortless, layering","elegant, clean, smooth, gentle, polished, layered, depth, refined, silky, structured, staggered, effortless, layering, flowing"
2026-08-30T14:38:54,114,stacked-text-cards-scroll,Typographic_interactions/stacked-text-cards-scroll.html,approved,,,,2026-08-30T14:38:54
2026-08-30T14:39:07,87,Accelerated3DSpin,Typographic_interactions/Accelerated3DSpin.html,tags,layered,,"bold, impactful, graphic, attention-grabbing, edgy, artistic, cool, endless, continuous, 3d, depth, perspective, circular","bold, impactful, graphic, attention-grabbing, edgy, artistic, cool, endless, continuous, 3d, depth, perspective, circular, layered"
2026-08-30T14:39:09,87,Accelerated3DSpin,Typographic_interactions/Accelerated3DSpin.html,tags,dynamic,,"bold, impactful, graphic, attention-grabbing, edgy, artistic, cool, endless, continuous, 3d, depth, perspective, circular, layered","bold, impactful, graphic, attention-grabbing, edgy, artistic, cool, endless, continuous, 3d, depth, perspective, circular, layered, dynamic"
2026-08-30T14:39:10,87,Accelerated3DSpin,Typographic_interactions/Accelerated3DSpin.html,tags,immersive,,"bold, impactful, graphic, attention-grabbing, edgy, artistic, cool, endless, continuous, 3d, depth, perspective, circular, layered, dynamic","bold, impactful, graphic, attention-grabbing, edgy, artistic, cool, endless, continuous, 3d, depth, perspective, circular, layered, dynamic, immersive"
2026-08-30T14:39:17,87,Accelerated3DSpin,Typographic_interactions/Accelerated3DSpin.html,approved,,,,2026-08-30T14:39:17
2026-08-30T15:09:48,104,Scroll_Skew,Typographic_interactions/Scroll_Skew.html,tags,artistic,,"bold, edgy, experimental, impactful, graphic, attention-grabbing, unconventional, dynamic, layered, horizontal, depth, transformative, continuous","bold, edgy, experimental, impactful, graphic, attention-grabbing, unconventional, dynamic, layered, horizontal, depth, transformative, continuous, artistic"
2026-08-30T15:09:49,104,Scroll_Skew,Typographic_interactions/Scroll_Skew.html,tags,cool,,"bold, edgy, experimental, impactful, graphic, attention-grabbing, unconventional, dynamic, layered, horizontal, depth, transformative, continuous, artistic","bold, edgy, experimental, impactful, graphic, attention-grabbing, unconventional, dynamic, layered, horizontal, depth, transformative, continuous, artistic, cool"
2026-08-30T15:09:50,104,Scroll_Skew,Typographic_interactions/Scroll_Skew.html,tags,techy,,"bold, edgy, experimental, impactful, graphic, attention-grabbing, unconventional, dynamic, layered, horizontal, depth, transformative, continuous, artistic, cool","bold, edgy, experimental, impactful, graphic, attention-grabbing, unconventional, dynamic, layered, horizontal, depth, transformative, continuous, artistic, cool, techy"
2026-08-30T15:09:53,104,Scroll_Skew,Typographic_interactions/Scroll_Skew.html,tags,futuristic,,"bold, edgy, experimental, impactful, graphic, attention-grabbing, unconventional, dynamic, layered, horizontal, depth, transformative, continuous, artistic, cool, techy","bold, edgy, experimental, impactful, graphic, attention-grabbing, unconventional, dynamic, layered, horizontal, depth, transformative, continuous, artistic, cool, techy, futuristic"
2026-08-30T15:09:58,104,Scroll_Skew,Typographic_interactions/Scroll_Skew.html,tags,,impactful,"bold, edgy, experimental, impactful, graphic, attention-grabbing, unconventional, dynamic, layered, horizontal, depth, transformative, continuous, artistic, cool, techy, futuristic","bold, edgy, experimental, graphic, attention-grabbing, unconventional, dynamic, layered, horizontal, depth, transformative, continuous, artistic, cool, techy, futuristic"
2026-08-30T15:10:08,104,Scroll_Skew,Typographic_interactions/Scroll_Skew.html,approved,,,,2026-08-30T15:10:08
2026-08-30T15:10:24,85,$lot_Machine,Typographic_interactions/$lot_Machine.html,tags,circular,,"playful, bold, dynamic, energetic, surprising, fun, graphic, impactful, attention-grabbing, staggered, revealing, vertical","playful, bold, dynamic, energetic, surprising, fun, graphic, impactful, attention-grabbing, staggered, revealing, vertical, circular"
2026-08-30T15:10:25,85,$lot_Machine,Typographic_interactions/$lot_Machine.html,tags,spiraling,,"playful, bold, dynamic, energetic, surprising, fun, graphic, impactful, attention-grabbing, staggered, revealing, vertical, circular","playful, bold, dynamic, energetic, surprising, fun, graphic, impactful, attention-grabbing, staggered, revealing, vertical, circular, spiraling"
2026-08-30T15:10:26,85,$lot_Machine,Typographic_interactions/$lot_Machine.html,tags,futuristic,,"playful, bold, dynamic, energetic, surprising, fun, graphic, impactful, attention-grabbing, staggered, revealing, vertical, circular, spiraling","playful, bold, dynamic, energetic, surprising, fun, graphic, impactful, attention-grabbing, staggered, revealing, vertical, circular, spiraling, futuristic"
2026-08-30T15:10:28,85,$lot_Machine,Typographic_interactions/$lot_Machine.html,tags,edgy,,"playful, bold, dynamic, energetic, surprising, fun, graphic, impactful, attention-grabbing, staggered, revealing, vertical, circular, spiraling, futuristic","playful, bold, dynamic, energetic, surprising, fun, graphic, impactful, attention-grabbing, staggered, revealing, vertical, circular, spiraling, futuristic, edgy"
2026-08-30T15:10:31,85,$lot_Machine,Typographic_interactions/$lot_Machine.html,approved,,,,2026-08-30T15:10:31
2026-08-30T15:11:26,86,3D-Rolodex-Flip,Typographic_interactions/3D-Rolodex-Flip.html,tags,dynamic,,"bold, impactful, graphic, attention-grabbing, edgy, confident, artistic, 3d, depth, dimensional, perspective, vertical","bold, impactful, graphic, attention-grabbing, edgy, confident, artistic, 3d, depth, dimensional, perspective, vertical, dynamic"
2026-08-30T15:11:27,86,3D-Rolodex-Flip,Typographic_interactions/3D-Rolodex-Flip.html,tags,immersive,,"bold, impactful, graphic, attention-grabbing, edgy, confident, artistic, 3d, depth, dimensional, perspective, vertical, dynamic","bold, impactful, graphic, attention-grabbing, edgy, confident, artistic, 3d, depth, dimensional, perspective, vertical, dynamic, immersive"
2026-08-30T15:11:33,86,3D-Rolodex-Flip,Typographic_interactions/3D-Rolodex-Flip.html,approved,,,,2026-08-30T15:11:33
2026-08-30T15:12:04,111,book animation,Typographic_interactions/book animation.html,approved,,,,2026-08-30T15:12:04
2026-08-30T15:12:17,112,cards-peel-off-scroll,Typographic_interactions/cards-peel-off-scroll.html,approved,,,,2026-08-30T15:12:17
2026-08-30T15:12:34,93,Headline_Images_Overlay,Typographic_interactions/Headline_Images_Overlay.html,approved,,,,2026-08-30T15:12:34
2026-08-30T15:13:32,115,text-cards-slide-in,Typographic_interactions/text-cards-slide-in.html,tags,layered,,"smooth, polished, dimensional, depth, 3d, perspective, horizontal, elegant, clean, dynamic, spatial, flowing","smooth, polished, dimensional, depth, 3d, perspective, horizontal, elegant, clean, dynamic, spatial, flowing, layered"
2026-08-30T15:13:38,115,text-cards-slide-in,Typographic_interactions/text-cards-slide-in.html,approved,,,,2026-08-30T15:13:38
2026-08-30T15:13:48,108,Tunnel_Vision,Typographic_interactions/Tunnel_Vision.html,tags,3d,,"playful, bold, alive, interactive, fun, immersive, surprising, expressive, depth, dimensional, layered, perspective, spatial","playful, bold, alive, interactive, fun, immersive, surprising, expressive, depth, dimensional, layered, perspective, spatial, 3d"
2026-08-30T15:13:49,108,Tunnel_Vision,Typographic_interactions/Tunnel_Vision.html,tags,energetic,,"playful, bold, alive, interactive, fun, immersive, surprising, expressive, depth, dimensional, layered, perspective, spatial, 3d","playful, bold, alive, interactive, fun, immersive, surprising, expressive, depth, dimensional, layered, perspective, spatial, 3d, energetic"
2026-08-30T15:13:50,108,Tunnel_Vision,Typographic_interactions/Tunnel_Vision.html,tags,graphic,,"playful, bold, alive, interactive, fun, immersive, surprising, expressive, depth, dimensional, layered, perspective, spatial, 3d, energetic","playful, bold, alive, interactive, fun, immersive, surprising, expressive, depth, dimensional, layered, perspective, spatial, 3d, energetic, graphic"
2026-08-30T15:13:53,108,Tunnel_Vision,Typographic_interactions/Tunnel_Vision.html,tags,artistic,,"playful, bold, alive, interactive, fun, immersive, surprising, expressive, depth, dimensional, layered, perspective, spatial, 3d, energetic, graphic","playful, bold, alive, interactive, fun, immersive, surprising, expressive, depth, dimensional, layered, perspective, spatial, 3d, energetic, graphic, artistic"
2026-08-30T15:13:59,108,Tunnel_Vision,Typographic_interactions/Tunnel_Vision.html,approved,,,,2026-08-30T15:13:59
2026-08-30T15:15:36,116,text-fade-3d-perspective,Typographic_interactions/text-fade-3d-perspective.html,tags,,minimal,"bold, impactful, dimensional, depth, 3d, perspective, immersive, minimal, graphic, sophisticated, spatial, layered, confident","bold, impactful, dimensional, depth, 3d, perspective, immersive, graphic, sophisticated, spatial, layered, confident"
2026-08-30T15:15:40,116,text-fade-3d-perspective,Typographic_interactions/text-fade-3d-perspective.html,tags,,sophisticated,"bold, impactful, dimensional, depth, 3d, perspective, immersive, graphic, sophisticated, spatial, layered, confident","bold, impactful, dimensional, depth, 3d, perspective, immersive, graphic, spatial, layered, confident"
2026-08-30T15:15:44,116,text-fade-3d-perspective,Typographic_interactions/text-fade-3d-perspective.html,approved,,,,2026-08-30T15:15:44
2026-08-30T15:15:54,102,Scroll_Paragraph_Fade,Typographic_interactions/Scroll_Paragraph_Fade.html,tags,clean,,"smooth, gradual, flowing, effortless, continuous, elegant, refined, understated, minimal, revealing, staggered, transformative, vertical","smooth, gradual, flowing, effortless, continuous, elegant, refined, understated, minimal, revealing, staggered, transformative, vertical, clean"
2026-08-30T15:15:56,102,Scroll_Paragraph_Fade,Typographic_interactions/Scroll_Paragraph_Fade.html,tags,graceful,,"smooth, gradual, flowing, effortless, continuous, elegant, refined, understated, minimal, revealing, staggered, transformative, vertical, clean","smooth, gradual, flowing, effortless, continuous, elegant, refined, understated, minimal, revealing, staggered, transformative, vertical, clean, graceful"
2026-08-30T15:15:58,102,Scroll_Paragraph_Fade,Typographic_interactions/Scroll_Paragraph_Fade.html,tags,classic,,"smooth, gradual, flowing, effortless, continuous, elegant, refined, understated, minimal, revealing, staggered, transformative, vertical, clean, graceful","smooth, gradual, flowing, effortless, continuous, elegant, refined, understated, minimal, revealing, staggered, transformative, vertical, clean, graceful, classic"
2026-08-30T15:16:04,102,Scroll_Paragraph_Fade,Typographic_interactions/Scroll_Paragraph_Fade.html,tags,,minimal,"smooth, gradual, flowing, effortless, continuous, elegant, refined, understated, minimal, revealing, staggered, transformative, vertical, clean, graceful, classic","smooth, gradual, flowing, effortless, continuous, elegant, refined, understated, revealing, staggered, transformative, vertical, clean, graceful, classic"
2026-08-30T15:16:11,102,Scroll_Paragraph_Fade,Typographic_interactions/Scroll_Paragraph_Fade.html,tags,horizontal,,"smooth, gradual, flowing, effortless, continuous, elegant, refined, understated, revealing, staggered, transformative, vertical, clean, graceful, classic","smooth, gradual, flowing, effortless, continuous, elegant, refined, understated, revealing, staggered, transformative, vertical, clean, graceful, classic, horizontal"
2026-08-30T15:16:12,102,Scroll_Paragraph_Fade,Typographic_interactions/Scroll_Paragraph_Fade.html,approved,,,,2026-08-30T15:16:12
2026-08-30T15:18:34,117,textFoldTransition,Typographic_interactions/textFoldTransition.html,tags,expressive,,"bold, graphic, impactful, clean, minimal, seamless, revealing, vertical, staggered, cascading, smooth, confident","bold, graphic, impactful, clean, minimal, seamless, revealing, vertical, staggered, cascading, smooth, confident, expressive"
2026-08-30T15:18:36,117,textFoldTransition,Typographic_interactions/textFoldTransition.html,tags,elegant,,"bold, graphic, impactful, clean, minimal, seamless, revealing, vertical, staggered, cascading, smooth, confident, expressive","bold, graphic, impactful, clean, minimal, seamless, revealing, vertical, staggered, cascading, smooth, confident, expressive, elegant"
2026-08-30T15:18:37,117,textFoldTransition,Typographic_interactions/textFoldTransition.html,tags,attention-grabbing,,"bold, graphic, impactful, clean, minimal, seamless, revealing, vertical, staggered, cascading, smooth, confident, expressive, elegant","bold, graphic, impactful, clean, minimal, seamless, revealing, vertical, staggered, cascading, smooth, confident, expressive, elegant, attention-grabbing"
2026-08-30T15:18:49,117,textFoldTransition,Typographic_interactions/textFoldTransition.html,approved,,,,2026-08-30T15:18:49
2026-08-30T15:19:55,94,IconText Pro gallery,Typographic_interactions/IconText Pro gallery.html,tags,bold,,"smooth, polished, clean, interactive, refined, elegant, minimal, sophisticated, silky, organized, structured, alive, horizontal","smooth, polished, clean, interactive, refined, elegant, minimal, sophisticated, silky, organized, structured, alive, horizontal, bold"
2026-08-30T15:20:04,94,IconText Pro gallery,Typographic_interactions/IconText Pro gallery.html,tags,,sophisticated,"smooth, polished, clean, interactive, refined, elegant, minimal, sophisticated, silky, organized, structured, alive, horizontal, bold","smooth, polished, clean, interactive, refined, elegant, minimal, silky, organized, structured, alive, horizontal, bold"
2026-08-30T15:20:07,94,IconText Pro gallery,Typographic_interactions/IconText Pro gallery.html,tags,,minimal,"smooth, polished, clean, interactive, refined, elegant, minimal, silky, organized, structured, alive, horizontal, bold","smooth, polished, clean, interactive, refined, elegant, silky, organized, structured, alive, horizontal, bold"
2026-08-30T15:20:10,94,IconText Pro gallery,Typographic_interactions/IconText Pro gallery.html,approved,,,,2026-08-30T15:20:10
2026-08-30T15:20:26,101,Scroll_Mask_Reveal,Typographic_interactions/Scroll_Mask_Reveal.html,tags,smooth,,"elegant, soft, refined, clean, understated, graceful, minimal, gradual, seamless, revealing, transformative, staggered, cascading","elegant, soft, refined, clean, understated, graceful, minimal, gradual, seamless, revealing, transformative, staggered, cascading, smooth"
2026-08-30T15:20:28,101,Scroll_Mask_Reveal,Typographic_interactions/Scroll_Mask_Reveal.html,tags,high-end,,"elegant, soft, refined, clean, understated, graceful, minimal, gradual, seamless, revealing, transformative, staggered, cascading, smooth","elegant, soft, refined, clean, understated, graceful, minimal, gradual, seamless, revealing, transformative, staggered, cascading, smooth, high-end"
2026-08-30T15:20:28,101,Scroll_Mask_Reveal,Typographic_interactions/Scroll_Mask_Reveal.html,tags,modern,,"elegant, soft, refined, clean, understated, graceful, minimal, gradual, seamless, revealing, transformative, staggered, cascading, smooth, high-end","elegant, soft, refined, clean, understated, graceful, minimal, gradual, seamless, revealing, transformative, staggered, cascading, smooth, high-end, modern"
2026-08-30T15:20:30,101,Scroll_Mask_Reveal,Typographic_interactions/Scroll_Mask_Reveal.html,tags,silky,,"elegant, soft, refined, clean, understated, graceful, minimal, gradual, seamless, revealing, transformative, staggered, cascading, smooth, high-end, modern","elegant, soft, refined, clean, understated, graceful, minimal, gradual, seamless, revealing, transformative, staggered, cascading, smooth, high-end, modern, silky"
2026-08-30T15:20:34,101,Scroll_Mask_Reveal,Typographic_interactions/Scroll_Mask_Reveal.html,tags,,soft,"elegant, soft, refined, clean, understated, graceful, minimal, gradual, seamless, revealing, transformative, staggered, cascading, smooth, high-end, modern, silky","elegant, refined, clean, understated, graceful, minimal, gradual, seamless, revealing, transformative, staggered, cascading, smooth, high-end, modern, silky"
2026-08-30T15:20:38,101,Scroll_Mask_Reveal,Typographic_interactions/Scroll_Mask_Reveal.html,tags,,refined,"elegant, refined, clean, understated, graceful, minimal, gradual, seamless, revealing, transformative, staggered, cascading, smooth, high-end, modern, silky","elegant, clean, understated, graceful, minimal, gradual, seamless, revealing, transformative, staggered, cascading, smooth, high-end, modern, silky"
2026-08-30T15:20:56,101,Scroll_Mask_Reveal,Typographic_interactions/Scroll_Mask_Reveal.html,approved,,,,2026-08-30T15:20:56
